年份,行业代码,行业名称,变量,均值,样本量
2001,C,制造业,SLoan,0.1658,630
2001,C,制造业,LLoan,0.0539,630
2001,C,制造业,Lev,0.429,630
2001,C,制造业,Cash,0.1818,630
2001,C,制造业,ROA,0.0195,630
2001,C,制造业,ROE,0.0182,630
2003,C,制造业,SLoan,0.1817,706
2003,C,制造业,LLoan,0.0532,706
2003,C,制造业,Lev,0.467,707
2003,C,制造业,Cash,0.1616,707
2003,C,制造业,ROA,0.0217,707
2003,C,制造业,ROE,0.0323,707
2005,C,制造业,SLoan,0.1851,756
2005,C,制造业,LLoan,0.0494,756
2005,C,制造业,Lev,0.5021,757
2005,C,制造业,Cash,0.145,757
2005,C,制造业,ROA,0.0126,757
2005,C,制造业,ROE,-0.0199,757
2007,C,制造业,SLoan,0.1665,880
2007,C,制造业,LLoan,0.047,873
2007,C,制造业,Lev,0.4908,880
2007,C,制造业,Cash,0.1572,880
2007,C,制造业,ROA,0.0463,880
2007,C,制造业,ROE,0.0932,880
2009,C,制造业,SLoan,0.139,1006
2009,C,制造业,LLoan,0.0546,1002
2009,C,制造业,Lev,0.4686,1006
2009,C,制造业,Cash,0.2071,1006
2009,C,制造业,ROA,0.0386,1006
2009,C,制造业,ROE,0.0483,1006
2011,C,制造业,SLoan,0.1159,1442
2011,C,制造业,LLoan,0.0351,1429
2011,C,制造业,Lev,0.4003,1442
2011,C,制造业,Cash,0.2469,1442
2011,C,制造业,ROA,0.0501,1442
2011,C,制造业,ROE,0.0739,1442
2013,C,制造业,SLoan,0.1151,1601
2013,C,制造业,LLoan,0.033,1598
2013,C,制造业,Lev,0.4196,1601
2013,C,制造业,Cash,0.1825,1601
2013,C,制造业,ROA,0.0385,1601
2013,C,制造业,ROE,0.0569,1601
2015,C,制造业,SLoan,0.1005,1946
2015,C,制造业,LLoan,0.0286,1943
2015,C,制造业,Lev,0.4025,1947
2015,C,制造业,Cash,0.1707,1947
2015,C,制造业,ROA,0.0366,1947
2015,C,制造业,ROE,0.0512,1947
2017,C,制造业,SLoan,0.1178,1856
2017,C,制造业,LLoan,0.0576,1179
2017,C,制造业,Lev,0.3876,2475
2017,C,制造业,Cash,0.1695,2475
2017,C,制造业,ROA,0.0515,2475
2017,C,制造业,ROE,0.0849,2475
2019,C,制造业,SLoan,0.1148,2105
2019,C,制造业,LLoan,0.0585,1386
2019,C,制造业,Lev,0.4069,2698
2019,C,制造业,Cash,0.1657,2698
2019,C,制造业,ROA,0.0262,2698
2019,C,制造业,ROE,0.0257,2698
2021,C,制造业,SLoan,0.0963,2496
2021,C,制造业,LLoan,0.0597,1684
2021,C,制造业,Lev,0.3967,3353
2021,C,制造业,Cash,0.1888,3353
2021,C,制造业,ROA,0.0449,3353
2021,C,制造业,ROE,0.0583,3353
2023,C,制造业,SLoan,0.0826,2889
2023,C,制造业,LLoan,0.0712,2093
2023,C,制造业,Lev,0.3853,3714
2023,C,制造业,Cash,0.2005,3714
2023,C,制造业,ROA,0.0262,3714
2023,C,制造业,ROE,0.0284,3714
2001,D,电力热力燃气,SLoan,0.0807,45
2001,D,电力热力燃气,LLoan,0.0864,45
2001,D,电力热力燃气,Lev,0.3484,45
2001,D,电力热力燃气,Cash,0.1523,45
2001,D,电力热力燃气,ROA,0.0533,45
2001,D,电力热力燃气,ROE,0.0848,45
2003,D,电力热力燃气,SLoan,0.1087,51
2003,D,电力热力燃气,LLoan,0.1353,51
2003,D,电力热力燃气,Lev,0.4182,51
2003,D,电力热力燃气,Cash,0.1186,51
2003,D,电力热力燃气,ROA,0.0444,51
2003,D,电力热力燃气,ROE,0.0728,51
2005,D,电力热力燃气,SLoan,0.1206,59
2005,D,电力热力燃气,LLoan,0.1724,59
2005,D,电力热力燃气,Lev,0.4862,59
2005,D,电力热力燃气,Cash,0.0936,59
2005,D,电力热力燃气,ROA,0.0239,59
2005,D,电力热力燃气,ROE,0.0128,59
2007,D,电力热力燃气,SLoan,0.1526,60
2007,D,电力热力燃气,LLoan,0.1723,60
2007,D,电力热力燃气,Lev,0.5258,60
2007,D,电力热力燃气,Cash,0.0859,60
2007,D,电力热力燃气,ROA,0.0388,60
2007,D,电力热力燃气,ROE,0.0807,60
2009,D,电力热力燃气,SLoan,0.1427,62
2009,D,电力热力燃气,LLoan,0.235,62
2009,D,电力热力燃气,Lev,0.6079,62
2009,D,电力热力燃气,Cash,0.0911,62
2009,D,电力热力燃气,ROA,0.0231,62
2009,D,电力热力燃气,ROE,0.0501,62
2011,D,电力热力燃气,SLoan,0.1299,65
2011,D,电力热力燃气,LLoan,0.2107,65
2011,D,电力热力燃气,Lev,0.6099,65
2011,D,电力热力燃气,Cash,0.0978,65
2011,D,电力热力燃气,ROA,0.0224,65
2011,D,电力热力燃气,ROE,0.0296,65
2013,D,电力热力燃气,SLoan,0.1101,69
2013,D,电力热力燃气,LLoan,0.1714,69
2013,D,电力热力燃气,Lev,0.5775,69
2013,D,电力热力燃气,Cash,0.1167,69
2013,D,电力热力燃气,ROA,0.0421,69
2013,D,电力热力燃气,ROE,0.0913,69
2015,D,电力热力燃气,SLoan,0.0918,74
2015,D,电力热力燃气,LLoan,0.1546,74
2015,D,电力热力燃气,Lev,0.5475,74
2015,D,电力热力燃气,Cash,0.1166,74
2015,D,电力热力燃气,ROA,0.0416,74
2015,D,电力热力燃气,ROE,0.0846,74
2017,D,电力热力燃气,SLoan,0.1301,69
2017,D,电力热力燃气,LLoan,0.1868,70
2017,D,电力热力燃气,Lev,0.5548,83
2017,D,电力热力燃气,Cash,0.1098,83
2017,D,电力热力燃气,ROA,0.0267,83
2017,D,电力热力燃气,ROE,0.0377,83
2019,D,电力热力燃气,SLoan,0.1144,76
2019,D,电力热力燃气,LLoan,0.1699,77
2019,D,电力热力燃气,Lev,0.5561,87
2019,D,电力热力燃气,Cash,0.0976,87
2019,D,电力热力燃气,ROA,0.0302,87
2019,D,电力热力燃气,ROE,0.0709,87
2021,D,电力热力燃气,SLoan,0.0922,92
2021,D,电力热力燃气,LLoan,0.193,88
2021,D,电力热力燃气,Lev,0.5593,101
2021,D,电力热力燃气,Cash,0.1147,101
2021,D,电力热力燃气,ROA,0.0173,101
2021,D,电力热力燃气,ROE,-0.0142,101
2023,D,电力热力燃气,SLoan,0.0807,94
2023,D,电力热力燃气,LLoan,0.2121,97
2023,D,电力热力燃气,Lev,0.5496,107
2023,D,电力热力燃气,Cash,0.1159,107
2023,D,电力热力燃气,ROA,0.0378,107
2023,D,电力热力燃气,ROE,0.0758,107
2001,E,建筑业,SLoan,0.1744,18
2001,E,建筑业,LLoan,0.0405,18
2001,E,建筑业,Lev,0.5885,18
2001,E,建筑业,Cash,0.1585,18
2001,E,建筑业,ROA,0.0085,18
2001,E,建筑业,ROE,0.0137,18
2003,E,建筑业,SLoan,0.1581,24
2003,E,建筑业,LLoan,0.0604,24
2003,E,建筑业,Lev,0.5884,24
2003,E,建筑业,Cash,0.1583,24
2003,E,建筑业,ROA,-0.0028,24
2003,E,建筑业,ROE,-0.0009,24
2005,E,建筑业,SLoan,0.15,27
2005,E,建筑业,LLoan,0.0797,27
2005,E,建筑业,Lev,0.6577,27
2005,E,建筑业,Cash,0.1342,27
2005,E,建筑业,ROA,0.0201,27
2005,E,建筑业,ROE,0.0634,27
2007,E,建筑业,SLoan,0.1432,35
2007,E,建筑业,LLoan,0.0631,35
2007,E,建筑业,Lev,0.6775,35
2007,E,建筑业,Cash,0.1651,35
2007,E,建筑业,ROA,0.0285,35
2007,E,建筑业,ROE,0.1039,35
2009,E,建筑业,SLoan,0.1076,40
2009,E,建筑业,LLoan,0.0789,40
2009,E,建筑业,Lev,0.6865,40
2009,E,建筑业,Cash,0.2014,40
2009,E,建筑业,ROA,0.021,40
2009,E,建筑业,ROE,0.0677,40
2011,E,建筑业,SLoan,0.1014,52
2011,E,建筑业,LLoan,0.0785,52
2011,E,建筑业,Lev,0.6514,52
2011,E,建筑业,Cash,0.2081,52
2011,E,建筑业,ROA,0.0331,52
2011,E,建筑业,ROE,0.0982,52
2013,E,建筑业,SLoan,0.1085,56
2013,E,建筑业,LLoan,0.0833,55
2013,E,建筑业,Lev,0.6991,56
2013,E,建筑业,Cash,0.1574,56
2013,E,建筑业,ROA,0.0259,56
2013,E,建筑业,ROE,0.0836,56
2015,E,建筑业,SLoan,0.1228,66
2015,E,建筑业,LLoan,0.0686,66
2015,E,建筑业,Lev,0.6657,66
2015,E,建筑业,Cash,0.1689,66
2015,E,建筑业,ROA,0.0222,66
2015,E,建筑业,ROE,0.0574,66
2017,E,建筑业,SLoan,0.1141,79
2017,E,建筑业,LLoan,0.0915,64
2017,E,建筑业,Lev,0.6222,86
2017,E,建筑业,Cash,0.1578,86
2017,E,建筑业,ROA,0.0335,86
2017,E,建筑业,ROE,0.0886,86
2019,E,建筑业,SLoan,0.1076,81
2019,E,建筑业,LLoan,0.097,73
2019,E,建筑业,Lev,0.6505,90
2019,E,建筑业,Cash,0.1524,90
2019,E,建筑业,ROA,0.0172,90
2019,E,建筑业,ROE,0.049,90
2021,E,建筑业,SLoan,0.0872,87
2021,E,建筑业,LLoan,0.101,83
2021,E,建筑业,Lev,0.6595,101
2021,E,建筑业,Cash,0.1361,101
2021,E,建筑业,ROA,-0.0201,101
2021,E,建筑业,ROE,-0.0971,101
2023,E,建筑业,SLoan,0.0752,92
2023,E,建筑业,LLoan,0.1051,83
2023,E,建筑业,Lev,0.667,103
2023,E,建筑业,Cash,0.1285,103
2023,E,建筑业,ROA,-0.0121,103
2023,E,建筑业,ROE,-0.084,103
2001,F,批发零售,SLoan,0.1023,47
2001,F,批发零售,LLoan,0.0854,47
2001,F,批发零售,Lev,0.3572,47
2001,F,批发零售,Cash,0.1739,47
2001,F,批发零售,ROA,0.0443,47
2001,F,批发零售,ROE,0.0661,47
2003,F,批发零售,SLoan,0.1284,55
2003,F,批发零售,LLoan,0.0812,55
2003,F,批发零售,Lev,0.3687,55
2003,F,批发零售,Cash,0.1556,55
2003,F,批发零售,ROA,0.041,55
2003,F,批发零售,ROE,0.0359,55
2005,F,批发零售,SLoan,0.1144,57
2005,F,批发零售,LLoan,0.0872,57
2005,F,批发零售,Lev,0.4072,57
2005,F,批发零售,Cash,0.1437,57
2005,F,批发零售,ROA,0.0567,57
2005,F,批发零售,ROE,0.0895,57
2007,F,批发零售,SLoan,0.1083,63
2007,F,批发零售,LLoan,0.1022,59
2007,F,批发零售,Lev,0.4194,63
2007,F,批发零售,Cash,0.1379,63
2007,F,批发零售,ROA,0.0661,63
2007,F,批发零售,ROE,0.1059,63
2009,F,批发零售,SLoan,0.0836,67
2009,F,批发零售,LLoan,0.1167,65
2009,F,批发零售,Lev,0.4273,67
2009,F,批发零售,Cash,0.1623,67
2009,F,批发零售,ROA,0.0466,67
2009,F,批发零售,ROE,0.0811,67
2011,F,批发零售,SLoan,0.0753,76
2011,F,批发零售,LLoan,0.1235,71
2011,F,批发零售,Lev,0.4493,76
2011,F,批发零售,Cash,0.1735,76
2011,F,批发零售,ROA,0.0476,76
2011,F,批发零售,ROE,0.0831,76
2013,F,批发零售,SLoan,0.075,80
2013,F,批发零售,LLoan,0.1132,80
2013,F,批发零售,Lev,0.4754,80
2013,F,批发零售,Cash,0.1439,80
2013,F,批发零售,ROA,0.0315,80
2013,F,批发零售,ROE,0.053,80
2015,F,批发零售,SLoan,0.073,88
2015,F,批发零售,LLoan,0.1016,88
2015,F,批发零售,Lev,0.4711,89
2015,F,批发零售,Cash,0.155,89
2015,F,批发零售,ROA,0.0351,89
2015,F,批发零售,ROE,0.0602,89
2017,F,批发零售,SLoan,0.1042,79
2017,F,批发零售,LLoan,0.1195,75
2017,F,批发零售,Lev,0.4537,104
2017,F,批发零售,Cash,0.159,104
2017,F,批发零售,ROA,0.0444,104
2017,F,批发零售,ROE,0.0835,104
2019,F,批发零售,SLoan,0.0981,81
2019,F,批发零售,LLoan,0.1123,75
2019,F,批发零售,Lev,0.4599,105
2019,F,批发零售,Cash,0.1448,105
2019,F,批发零售,ROA,0.0344,105
2019,F,批发零售,ROE,0.0555,105
2021,F,批发零售,SLoan,0.0928,90
2021,F,批发零售,LLoan,0.106,80
2021,F,批发零售,Lev,0.4607,129
2021,F,批发零售,Cash,0.1701,129
2021,F,批发零售,ROA,0.0338,129
2021,F,批发零售,ROE,0.0428,129
2023,F,批发零售,SLoan,0.1,101
2023,F,批发零售,LLoan,0.113,84
2023,F,批发零售,Lev,0.4608,136
2023,F,批发零售,Cash,0.1575,136
2023,F,批发零售,ROA,0.0303,136
2023,F,批发零售,ROE,0.0557,136
2001,G,交通运输,SLoan,0.1901,66
2001,G,交通运输,LLoan,0.0297,66
2001,G,交通运输,Lev,0.4609,66
2001,G,交通运输,Cash,0.2396,66
2001,G,交通运输,ROA,0.0355,66
2001,G,交通运输,ROE,0.0706,66
2003,G,交通运输,SLoan,0.1833,79
2003,G,交通运输,LLoan,0.0232,79
2003,G,交通运输,Lev,0.4548,79
2003,G,交通运输,Cash,0.2489,79
2003,G,交通运输,ROA,0.0117,79
2003,G,交通运输,ROE,0.0104,79
2005,G,交通运输,SLoan,0.1544,75
2005,G,交通运输,LLoan,0.0184,75
2005,G,交通运输,Lev,0.4822,75
2005,G,交通运输,Cash,0.1995,75
2005,G,交通运输,ROA,-0.0194,75
2005,G,交通运输,ROE,-0.1151,75
2007,G,交通运输,SLoan,0.1171,86
2007,G,交通运输,LLoan,0.022,85
2007,G,交通运输,Lev,0.4444,86
2007,G,交通运输,Cash,0.2545,86
2007,G,交通运输,ROA,0.0445,86
2007,G,交通运输,ROE,0.0713,86
2009,G,交通运输,SLoan,0.0745,122
2009,G,交通运输,LLoan,0.0247,121
2009,G,交通运输,Lev,0.3556,122
2009,G,交通运输,Cash,0.3578,122
2009,G,交通运输,ROA,0.0621,122
2009,G,交通运输,ROE,0.0946,122
2011,G,交通运输,SLoan,0.0545,196
2011,G,交通运输,LLoan,0.0212,194
2011,G,交通运输,Lev,0.3014,196
2011,G,交通运输,Cash,0.4046,196
2011,G,交通运输,ROA,0.0604,196
2011,G,交通运输,ROE,0.0889,196
2013,G,交通运输,SLoan,0.0704,203
2013,G,交通运输,LLoan,0.0209,203
2013,G,交通运输,Lev,0.3399,203
2013,G,交通运输,Cash,0.298,203
2013,G,交通运输,ROA,0.0413,203
2013,G,交通运输,ROE,0.0627,203
2015,G,交通运输,SLoan,0.0729,209
2015,G,交通运输,LLoan,0.0246,207
2015,G,交通运输,Lev,0.3811,209
2015,G,交通运输,Cash,0.234,209
2015,G,交通运输,ROA,0.0414,209
2015,G,交通运输,ROE,0.0699,209
2017,G,交通运输,SLoan,0.0952,171
2017,G,交通运输,LLoan,0.0555,113
2017,G,交通运输,Lev,0.3818,220
2017,G,交通运输,Cash,0.2091,220
2017,G,交通运输,ROA,0.0358,220
2017,G,交通运输,ROE,0.0553,220
2019,G,交通运输,SLoan,0.1028,185
2019,G,交通运输,LLoan,0.0671,114
2019,G,交通运输,Lev,0.4213,227
2019,G,交通运输,Cash,0.1921,227
2019,G,交通运输,ROA,-0.0041,227
2019,G,交通运输,ROE,-0.026,227
2021,G,交通运输,SLoan,0.0861,177
2021,G,交通运输,LLoan,0.0662,123
2021,G,交通运输,Lev,0.4415,231
2021,G,交通运输,Cash,0.1926,231
2021,G,交通运输,ROA,0.0043,231
2021,G,交通运输,ROE,-0.0263,231
2023,G,交通运输,SLoan,0.0834,178
2023,G,交通运输,LLoan,0.073,124
2023,G,交通运输,Lev,0.4342,226
2023,G,交通运输,Cash,0.1971,226
2023,G,交通运输,ROA,-0.0015,226
2023,G,交通运输,ROE,-0.0246,226
2001,J,金融业,SLoan,0.2135,58
2001,J,金融业,LLoan,0.0394,58
2001,J,金融业,Lev,0.5011,58
2001,J,金融业,Cash,0.1381,58
2001,J,金融业,ROA,-0.0016,58
2001,J,金融业,ROE,-0.0116,58
2003,J,金融业,SLoan,0.1932,57
2003,J,金融业,LLoan,0.0635,57
2003,J,金融业,Lev,0.5439,57
2003,J,金融业,Cash,0.1361,57
2003,J,金融业,ROA,0.0133,57
2003,J,金融业,ROE,0.0239,57
2005,J,金融业,SLoan,0.1807,58
2005,J,金融业,LLoan,0.0788,58
2005,J,金融业,Lev,0.5619,58
2005,J,金融业,Cash,0.1246,58
2005,J,金融业,ROA,0.0128,58
2005,J,金融业,ROE,0.0259,58
2007,J,金融业,SLoan,0.0809,63
2007,J,金融业,LLoan,0.1311,63
2007,J,金融业,Lev,0.5517,63
2007,J,金融业,Cash,0.1554,63
2007,J,金融业,ROA,0.039,63
2007,J,金融业,ROE,0.0797,63
2009,J,金融业,SLoan,0.0655,67
2009,J,金融业,LLoan,0.144,67
2009,J,金融业,Lev,0.5865,67
2009,J,金融业,Cash,0.18,67
2009,J,金融业,ROA,0.0333,67
2009,J,金融业,ROE,0.0898,67
2011,J,金融业,SLoan,0.0618,68
2011,J,金融业,LLoan,0.1304,68
2011,J,金融业,Lev,0.6048,68
2011,J,金融业,Cash,0.1361,68
2011,J,金融业,ROA,0.0336,68
2011,J,金融业,ROE,0.0896,68
2013,J,金融业,SLoan,0.0709,70
2013,J,金融业,LLoan,0.1647,70
2013,J,金融业,Lev,0.6415,70
2013,J,金融业,Cash,0.1395,70
2013,J,金融业,ROA,0.0308,70
2013,J,金融业,ROE,0.0901,70
2015,J,金融业,SLoan,0.0675,74
2015,J,金融业,LLoan,0.1255,74
2015,J,金融业,Lev,0.6485,74
2015,J,金融业,Cash,0.1634,74
2015,J,金融业,ROA,0.0083,74
2015,J,金融业,ROE,0.0546,74
2017,J,金融业,SLoan,0.0785,54
2017,J,金融业,LLoan,0.135,58
2017,J,金融业,Lev,0.6519,91
2017,J,金融业,Cash,0.1681,81
2017,J,金融业,ROA,0.0248,91
2017,J,金融业,ROE,0.0814,91
2019,J,金融业,SLoan,0.054,64
2019,J,金融业,LLoan,0.1167,60
2019,J,金融业,Lev,0.6827,109
2019,J,金融业,Cash,0.1711,89
2019,J,金融业,ROA,0.0205,109
2019,J,金融业,ROE,0.0568,109
2021,J,金融业,SLoan,0.0466,65
2021,J,金融业,LLoan,0.1094,57
2021,J,金融业,Lev,0.7182,118
2021,J,金融业,Cash,0.1657,92
2021,J,金融业,ROA,0.0042,118
2021,J,金融业,ROE,0.0168,118
2023,J,金融业,SLoan,0.0355,59
2023,J,金融业,LLoan,0.1184,54
2023,J,金融业,Lev,0.7216,113
2023,J,金融业,Cash,0.1739,87
2023,J,金融业,ROA,0.0074,113
2023,J,金融业,ROE,0.0288,113
2001,K,房地产业,SLoan,0.1126,35
2001,K,房地产业,LLoan,0.0635,35
2001,K,房地产业,Lev,0.366,35
2001,K,房地产业,Cash,0.1934,35
2001,K,房地产业,ROA,0.0326,35
2001,K,房地产业,ROE,0.0467,35
2003,K,房地产业,SLoan,0.1459,35
2003,K,房地产业,LLoan,0.0563,35
2003,K,房地产业,Lev,0.3898,35
2003,K,房地产业,Cash,0.1444,35
2003,K,房地产业,ROA,0.0193,35
2003,K,房地产业,ROE,0.0183,35
2005,K,房地产业,SLoan,0.1621,36
2005,K,房地产业,LLoan,0.0774,36
2005,K,房地产业,Lev,0.4662,36
2005,K,房地产业,Cash,0.1309,36
2005,K,房地产业,ROA,0.0241,36
2005,K,房地产业,ROE,0.0186,36
2007,K,房地产业,SLoan,0.1315,46
2007,K,房地产业,LLoan,0.0638,44
2007,K,房地产业,Lev,0.436,46
2007,K,房地产业,Cash,0.1853,46
2007,K,房地产业,ROA,0.0573,46
2007,K,房地产业,ROE,0.1232,46
2009,K,房地产业,SLoan,0.1139,54
2009,K,房地产业,LLoan,0.0756,53
2009,K,房地产业,Lev,0.4354,54
2009,K,房地产业,Cash,0.2306,54
2009,K,房地产业,ROA,0.0409,54
2009,K,房地产业,ROE,0.0719,54
2011,K,房地产业,SLoan,0.076,71
2011,K,房地产业,LLoan,0.0642,70
2011,K,房地产业,Lev,0.4038,71
2011,K,房地产业,Cash,0.2747,71
2011,K,房地产业,ROA,0.0489,71
2011,K,房地产业,ROE,0.0826,71
2013,K,房地产业,SLoan,0.0774,71
2013,K,房地产业,LLoan,0.065,71
2013,K,房地产业,Lev,0.4319,71
2013,K,房地产业,Cash,0.2053,71
2013,K,房地产业,ROA,0.0444,71
2013,K,房地产业,ROE,0.0717,71
2015,K,房地产业,SLoan,0.0782,73
2015,K,房地产业,LLoan,0.0676,73
2015,K,房地产业,Lev,0.4768,73
2015,K,房地产业,Cash,0.1856,73
2015,K,房地产业,ROA,0.0483,73
2015,K,房地产业,ROE,0.0943,73
2017,K,房地产业,SLoan,0.0997,55
2017,K,房地产业,LLoan,0.109,50
2017,K,房地产业,Lev,0.4815,73
2017,K,房地产业,Cash,0.1862,73
2017,K,房地产业,ROA,0.0326,73
2017,K,房地产业,ROE,0.0576,73
2019,K,房地产业,SLoan,0.0961,63
2019,K,房地产业,LLoan,0.1057,50
2019,K,房地产业,Lev,0.4837,75
2019,K,房地产业,Cash,0.1587,75
2019,K,房地产业,ROA,0.0042,75
2019,K,房地产业,ROE,-0.0019,75
2021,K,房地产业,SLoan,0.0961,60
2021,K,房地产业,LLoan,0.1072,57
2021,K,房地产业,Lev,0.519,76
2021,K,房地产业,Cash,0.1688,76
2021,K,房地产业,ROA,0.0118,76
2021,K,房地产业,ROE,0.0164,76
2023,K,房地产业,SLoan,0.0851,59
2023,K,房地产业,LLoan,0.0994,60
2023,K,房地产业,Lev,0.5264,74
2023,K,房地产业,Cash,0.1683,74
2023,K,房地产业,ROA,0.0173,74
2023,K,房地产业,ROE,0.0142,74
