数据库：分省年度数据 ,,,,,,,,,,,,,,,
时间：2011年-2025年 ,,,,,,,,,,,,,,,
"地区	","2025年	","2024年	","2023年	","2022年	","2021年	","2020年	","2019年	","2018年	","2017年	","2016年	","2015年	","2014年	","2013年	","2012年	","2011年	"
"北京市	","	","49670.2	","47353.7	","45222.4	","44350.7	","38503.6	","37767.0	","35161.4	","31325.9	","28438.7	","26034.1	","23577.5	","21746.0	","19568.3	","17653.3	"
"天津市	","	","17931.3	","17211.8	","16588.5	","16093.2	","14230.8	","14097.2	","13411.1	","12468.2	","11487.0	","10889.2	","10749.2	","10075.2	","9193.0	","8240.8	"
"河北省	","	","47448.1	","45660.0	","43198.3	","41205.4	","36821.5	","35623.5	","32947.0	","31065.5	","28879.7	","26744.1	","25644.1	","24659.1	","23437.3	","21711.7	"
"山西省	","	","25353.5	","26050.8	","25653.2	","23087.8	","18202.7	","17311.0	","16153.1	","14679.1	","12160.1	","12036.1	","12307.0	","12171.8	","11819.7	","11005.1	"
"内蒙古自治区	","	","26337.0	","25020.5	","23795.7	","21584.8	","17623.4	","17479.4	","16252.9	","15009.9	","13879.0	","13062.7	","12377.3	","11584.9	","10638.9	","9610.8	"
"辽宁省	","	","32540.8	","31389.8	","29739.7	","28471.0	","25839.0	","25665.9	","24113.5	","22105.4	","20832.0	","20657.8	","20381.5	","19534.3	","18127.6	","16585.3	"
"吉林省	","	","14305.0	","13942.7	","13121.4	","13431.1	","12499.5	","11949.4	","11437.4	","11083.0	","10603.5	","10162.9	","10077.0	","9608.6	","8831.3	","7857.7	"
"黑龙江省	","	","16478.1	","16470.7	","16359.2	","15292.8	","14000.1	","13962.5	","13205.7	","12659.5	","12280.9	","12023.2	","12357.1	","12017.0	","11171.0	","10074.0	"
"上海市	","	","53759.5	","51404.5	","48594.5	","47059.4	","41603.9	","40241.2	","37769.1	","34378.3	","30963.9	","27821.6	","25964.5	","23809.4	","21774.9	","20406.1	"
"江苏省	","	","136696.9	","130924.3	","124564.2	","119853.2	","104566.6	","99836.9	","93456.3	","86512.9	","78261.2	","71876.0	","66228.3	","60505.2	","54658.4	","49689.5	"
"浙江省	","	","90007.0	","85619.6	","80770.0	","76765.3	","67164.5	","64632.0	","59311.7	","53135.2	","48095.8	","44222.0	","40744.1	","38023.3	","34978.5	","32353.1	"
"安徽省	","	","50646.7	","48227.5	","45525.1	","43102.8	","38628.8	","37584.8	","34377.3	","30141.8	","26801.2	","24142.7	","22880.7	","20888.2	","18613.7	","16532.7	"
"福建省	","	","57476.6	","54801.7	","52099.6	","49602.6	","43682.0	","42479.1	","39204.8	","34432.2	","30199.2	","27307.5	","25329.4	","22851.7	","20510.8	","18195.2	"
"江西省	","	","34227.9	","32677.1	","31568.1	","29838.2	","25825.4	","24724.0	","23016.9	","20497.6	","18761.2	","17031.1	","15858.6	","14473.4	","12952.8	","11717.4	"
"山东省	","	","98406.9	","94206.4	","89519.4	","84838.0	","74355.9	","72024.3	","67864.4	","63958.6	","59702.6	","56159.1	","51552.7	","48058.1	","43584.3	","39622.0	"
"河南省	","	","63557.1	","60627.7	","58807.4	","57806.9	","54160.6	","53739.3	","50273.5	","44586.5	","40167.7	","36798.2	","34611.2	","31621.4	","28878.5	","26212.2	"
"湖北省	","	","59644.3	","56794.3	","53445.4	","50093.3	","43017.6	","45557.0	","42425.5	","37624.2	","33767.6	","30661.6	","28805.9	","25851.7	","22921.0	","20228.3	"
"湖南省	","	","53084.7	","50667.5	","47957.9	","45751.9	","41693.7	","39930.7	","36629.3	","34127.7	","31225.0	","28811.7	","26309.1	","23916.3	","21513.7	","19176.4	"
"广东省	","	","141488.9	","137905.4	","132547.1	","127577.4	","113708.9	","110468.1	","101875.9	","93004.8	","83493.4	","75820.8	","69593.4	","63757.3	","58057.6	","54009.6	"
"广西壮族自治区	","	","28694.1	","27501.7	","26419.7	","25311.5	","22250.7	","21341.5	","19951.7	","18071.7	","16417.2	","15030.2	","13856.7	","12680.6	","11496.6	","10472.7	"
"海南省	","	","7972.7	","7590.2	","6912.8	","6508.9	","5640.8	","5442.1	","5004.2	","4552.9	","4151.0	","3782.7	","3541.2	","3201.9	","2863.6	","2525.1	"
"重庆市	","	","32046.7	","30614.3	","28771.8	","28092.5	","25158.1	","23689.6	","21866.8	","20260.8	","18271.1	","16305.9	","14911.7	","13275.8	","11797.8	","10314.1	"
"四川省	","	","64537.9	","61353.4	","57609.4	","55131.3	","49445.1	","47168.6	","43539.0	","38517.1	","33879.2	","30829.1	","29357.5	","26858.4	","24224.9	","21313.1	"
"贵州省	","	","22645.7	","21513.7	","20579.5	","19921.3	","18308.3	","17251.8	","15886.6	","14067.3	","12133.9	","10887.1	","9297.5	","8079.9	","6828.1	","5690.5	"
"云南省	","	","31423.4	","30595.8	","29301.1	","27895.3	","25214.5	","23902.1	","21427.5	","18864.6	","16773.6	","15358.6	","14275.1	","13027.0	","11266.3	","9666.2	"
"西藏自治区	","	","2789.1	","2532.9	","2235.4	","2145.1	","1956.5	","1750.3	","1583.5	","1381.0	","1197.4	","1063.6	","954.8	","840.3	","721.1	","620.8	"
"陕西省	","	","35437.1	","33976.5	","33035.6	","30476.6	","26297.0	","26214.5	","24354.8	","21776.1	","19354.6	","18188.3	","17635.6	","16106.3	","14311.5	","12320.1	"
"甘肃省	","	","13020.5	","12345.7	","11553.6	","10608.0	","9323.1	","9053.3	","8364.7	","7642.6	","7207.1	","6793.4	","6629.4	","6108.3	","5469.1	","4880.7	"
"青海省	","	","3965.5	","3849.2	","3677.4	","3446.3	","3080.6	","3020.2	","2799.9	","2517.0	","2310.7	","2054.3	","1875.1	","1736.1	","1547.9	","1388.3	"
"宁夏回族自治区	","	","5520.2	","5368.8	","5168.1	","4666.5	","4036.2	","3841.5	","3580.6	","3271.6	","2853.3	","2644.7	","2516.4	","2364.9	","2162.0	","1959.3	"
"新疆维吾尔自治区	","	","20492.4	","19603.3	","18550.5	","16791.5	","14262.2	","14024.9	","13110.1	","11460.8	","9913.9	","9545.7	","9400.2	","8518.4	","7499.5	","6607.6	"
注：1. 按照我国国民经济核算数据修订制度和国际通行做法，在第五次全国经济普查后，对1992年-2023年地区生产总值历史数据进行了系统修订。,,,,,,,,,,,,,,,
数据来源：国家统计局国家数据平台： https://data.stats.gov.cn,,,,,,,,,,,,,,,
