code,listing_year,industry
000001,1991,I
000002,1991,J
000003,1991,M
000004,1991,F
000005,1990,M
000006,1992,J
000007,1992,J
000008,1992,G
000009,1991,M
000010,1995,H
000011,1992,M
000012,1992,C
000013,1992,H
000014,1992,J
000015,1992,M
000016,1992,C
000017,1992,C
000018,1992,C
000019,1992,C
000020,1992,C
000021,1994,G
000022,1993,F
000023,1993,E
000024,1993,J
000025,1993,M
000026,1993,C
000027,1993,D
000028,1993,C
000029,1993,J
000030,1993,C
000031,1993,J
000032,1993,G
000033,1994,K
000034,1994,M
000035,1994,G
000036,1994,C
000037,1994,D
000038,1994,G
000039,1994,C
000040,1994,M
000042,1994,J
000043,1994,M
000045,1994,C
000046,1994,J
000047,1994,J
000048,1994,C
000049,1995,C
000050,1995,C
000055,1995,C
000056,1995,H
000058,1996,C
000059,1997,C
000060,1997,C
000061,1997,H
000062,1997,K
000063,1997,G
000065,1998,E
000066,1997,G
000068,1997,C
000069,1997,K
000070,2000,C
000078,1998,C
000088,1997,F
000089,1998,F
000090,1999,E
000096,2000,H
000099,2000,F
000100,2004,C
000150,2000,J
000151,2000,K
000153,2000,C
000155,2000,C
000156,2000,C
000157,2000,C
000158,2000,C
000159,2000,C
000166,2015,J
000301,2000,C
000333,2013,C
000338,2004,C
000400,1997,C
000401,1996,C
000402,1996,J
000403,1996,C
000404,1996,C
000405,1996,C
000406,1996,B
000407,1996,C
000408,1996,C
000409,1996,C
000410,1996,C
000411,1996,H
000412,1996,M
000413,1996,C
000415,1996,E
000416,1996,C
000417,1996,H
000418,1996,C
000419,1996,H
000420,1996,C
000421,1996,K
000422,1996,C
000423,1996,C
000425,1996,C
000426,1996,D
000428,1996,K
000429,1996,F
000430,1996,K
000488,1997,C
000498,1997,C
000501,1992,H
000502,1992,J
000503,1992,M
000504,1992,L
000505,1992,J
000506,1993,C
000507,1993,M
000509,1993,A
000510,1993,C
000511,1993,J
000513,1993,C
000514,1993,J
000515,1993,C
000516,1993,H
000517,1993,G
000518,1993,C
000519,1993,C
000520,1993,C
000521,1993,C
000522,1993,C
000523,1993,C
000524,1993,K
000525,1993,C
000526,1993,M
000527,1993,C
000528,1993,C
000529,1993,C
000530,1993,C
000531,1994,D
000532,1994,D
000533,1994,C
000534,1994,D
000535,1993,C
000536,1993,C
000537,1993,M
000538,1993,C
000539,1993,D
000540,1994,M
000541,1993,C
000542,1993,G
000543,1993,D
000544,1993,C
000545,1993,C
000546,1993,J
000547,1993,G
000548,1993,K
000549,1993,C
000550,1993,C
000551,1994,C
000552,1994,B
000553,1993,C
000554,1993,H
000555,1994,G
000556,1994,F
000557,1994,C
000558,1994,J
000559,1994,C
000560,1994,H
000561,1994,C
000562,1994,I
000563,1994,I
000564,1994,H
000565,1994,C
000566,1994,C
000567,1994,M
000568,1994,C
000569,1994,C
000570,1994,C
000571,1994,C
000572,1994,M
000573,1994,J
000576,1994,C
000578,1995,H
000581,1995,C
000582,1995,F
000583,1995,G
000584,1995,M
000585,1995,C
000586,1995,H
000587,1996,C
000588,1996,A
000589,1996,C
000590,1996,C
000591,1996,C
000592,1996,J
000593,1996,H
000594,1996,B
000595,1996,C
000596,1996,C
000597,1996,C
000598,1996,C
000599,1996,C
000600,1996,D
000601,1996,D
000602,1996,G
000603,1996,C
000605,1996,C
000606,1996,C
000607,1996,C
000608,1996,J
000609,1996,C
000610,1996,K
000611,1996,C
000612,1996,C
000613,1996,K
000615,1996,C
000616,1996,J
000617,1996,C
000618,1995,C
000619,1996,C
000620,1996,C
000621,1996,G
000622,1996,C
000623,1996,C
000625,1996,C
000626,1996,M
000627,1996,C
000628,1996,J
000629,1996,C
000630,1996,C
000631,1996,C
000632,1996,M
000633,1996,M
000635,1996,C
000636,1996,C
000637,1996,C
000638,1996,M
000639,1996,C
000650,1996,C
000651,1996,C
000652,1996,F
000653,1996,H
000655,1996,C
000656,1996,C
000657,1996,C
000658,1996,M
000659,1996,C
000660,1996,M
000661,1996,C
000662,1996,M
000663,1996,A
000665,1996,C
000666,1996,C
000667,1996,J
000668,1996,H
000669,1996,G
000670,1996,H
000671,1996,M
000672,1996,H
000673,1997,C
000675,1996,C
000676,1996,C
000677,1996,C
000678,1997,C
000679,1997,H
000680,1997,C
000681,1997,C
000682,1997,G
000683,1997,C
000685,1997,K
000686,1997,I
000687,1997,C
000688,1997,G
000689,1996,C
000690,1997,J
000691,1997,M
000692,1997,D
000693,1997,L
000695,1997,C
000697,1997,C
000698,1997,C
000699,1997,C
000700,1997,C
000701,1997,H
000702,1997,C
000703,1997,G
000705,1997,H
000707,1997,C
000708,1997,C
000709,1997,C
000710,1997,C
000711,1997,J
000712,1997,C
000713,1997,A
000715,1997,H
000716,1997,M
000717,1997,C
000718,1997,C
000719,1997,C
000720,1997,D
000721,1997,K
000722,1997,M
000723,1997,C
000725,1997,C
000726,1997,C
000727,1997,C
000728,1997,I
000729,1997,C
000730,1997,E
000731,1997,C
000732,1997,C
000733,1997,C
000735,1997,A
000736,1997,C
000737,1997,C
000738,1997,C
000739,1997,C
000748,1997,G
000750,1997,C
000751,1997,C
000752,1997,C
000753,1997,F
000755,1997,C
000756,1996,C
000757,1997,C
000758,1997,E
000759,1997,H
000760,1997,C
000761,1997,C
000762,1997,B
000763,1997,C
000765,1997,H
000766,1997,C
000767,1997,D
000768,1997,C
000769,1997,A
000776,1997,F
000777,1997,C
000778,1997,C
000779,1997,C
000780,1997,C
000782,1997,C
000783,1997,C
000785,1997,H
000786,1997,C
000787,1997,G
000788,1997,C
000789,1997,C
000790,1998,C
000791,1997,C
000792,1997,C
000793,1997,L
000795,1997,C
000796,1997,H
000797,1997,E
000798,1998,A
000799,1997,C
000800,1997,C
000801,1998,C
000802,1998,K
000803,1998,C
000805,1998,G
000806,1998,C
000807,1998,C
000809,1998,C
000810,1998,C
000811,1998,C
000812,1998,C
000813,1998,C
000815,1998,C
000816,1997,C
000817,1998,B
000818,1997,C
000819,1997,C
000820,1998,C
000821,1998,C
000822,1998,C
000823,1997,C
000825,1998,C
000826,1998,C
000827,1998,C
000828,1997,F
000829,1997,A
000830,1998,C
000831,1998,C
000832,1998,C
000833,1998,C
000835,1999,M
000836,1997,G
000837,1998,C
000838,1997,E
000839,1997,G
000848,1997,C
000850,1998,C
000851,1998,C
000852,1998,C
000856,1998,C
000858,1998,C
000859,1998,C
000860,1998,A
000861,1998,C
000862,1998,C
000863,1997,G
000866,1998,C
000868,1997,C
000869,1997,C
000875,2002,D
000876,1998,C
000877,1999,C
000878,1998,C
000880,1998,C
000881,1998,M
000882,1998,H
000883,1998,C
000885,1999,C
000886,1998,F
000887,1998,C
000888,1997,K
000889,1997,H
000890,1999,C
000892,1999,G
000893,1998,C
000895,1998,C
000897,1999,K
000898,1997,C
000899,1997,D
000900,1999,F
000901,1999,C
000902,1999,C
000903,1999,C
000905,1999,F
000906,1999,H
000908,1999,C
000909,1999,G
000910,1999,C
000911,1999,C
000912,1999,C
000913,1999,C
000915,1999,M
000916,1999,F
000917,1999,L
000918,1999,A
000919,1999,C
000920,1999,C
000921,1996,C
000922,1999,C
000923,1999,C
000925,1999,C
000926,1999,C
000927,1999,C
000928,1999,C
000929,1999,C
000930,1999,C
000931,1999,K
000932,1999,C
000933,1999,C
000935,1999,C
000936,1999,C
000937,1999,B
000938,1999,G
000939,1999,D
000948,1999,G
000949,1999,C
000950,1999,C
000951,1999,C
000952,1999,C
000953,1999,C
000955,1999,C
000956,1999,B
000957,2000,C
000958,1999,D
000959,1999,C
000960,2000,C
000961,2000,C
000962,2000,C
000963,2000,C
000965,2000,J
000966,2000,D
000967,2000,C
000968,2000,B
000969,2000,C
000970,2000,C
000971,2000,C
000972,2000,A
000973,2000,C
000975,2000,K
000976,2000,C
000977,2000,G
000978,2000,K
000979,2000,C
000980,2000,C
000981,2000,G
000982,2000,C
000983,2000,B
000985,2000,C
000987,2000,H
000988,2000,C
000989,2000,C
000990,2000,C
000993,2000,D
000995,2000,C
000996,2000,M
000997,2000,G
000998,2000,A
000999,2000,C
001201,2021,A
001202,2021,G
001203,2021,B
001205,2021,G
001206,2021,C
001207,2021,C
001208,2021,C
001209,2021,C
001210,2021,D
001211,2021,C
001212,2021,C
001213,2021,G
001215,2021,C
001216,2021,C
001217,2021,C
001218,2021,C
001219,2021,C
001222,2022,C
001223,2022,C
001225,2023,C
001226,2022,C
001227,2022,J
001228,2022,L
001229,2022,C
001230,2022,N
001231,2022,C
001234,2022,C
001236,2015,J
001238,2022,C
001239,2023,C
001255,2022,C
001256,2022,C
001258,2022,D
001259,2022,C
001260,2023,C
001266,2022,C
001267,2021,E
001268,2022,C
001269,2022,C
001270,2022,C
001277,2024,C
001278,2023,C
001282,2023,C
001283,2022,C
001286,2023,D
001287,2023,F
001288,2021,C
001289,2009,D
001296,2021,C
001298,2022,F
001299,2022,D
001300,2022,C
001301,2022,C
001306,2023,C
001308,2022,C
001309,2022,C
001311,2023,C
001313,2022,C
001314,2023,C
001316,2022,F
001317,2021,G
001318,2022,C
001319,2022,C
001322,2022,C
001323,2022,C
001324,2023,C
001326,2023,C
001328,2023,C
001330,2022,R
001331,2022,D
001332,2022,C
001333,2022,C
001336,2022,C
001337,2023,B
001338,2022,C
001339,2022,C
001358,2023,C
001359,2024,C
001360,2023,C
001366,2023,C
001367,2023,C
001368,2023,C
001373,2023,C
001376,2023,D
001378,2023,C
001379,2024,C
001380,2023,C
001387,2024,C
001389,2024,C
001391,2024,G
001696,1997,C
001872,1993,G
001896,1998,D
001914,1994,K
001965,2017,G
001979,2015,K
002001,2004,C
002002,2004,C
002003,2004,C
002004,2004,C
002005,2004,C
002006,2004,C
002007,2004,C
002008,2004,C
002009,2004,C
002010,2004,C
002011,2004,C
002012,2004,C
002013,2004,C
002014,2004,C
002015,2004,C
002016,2004,C
002017,2004,C
002018,2004,C
002019,2004,C
002020,2004,C
002021,2004,C
002022,2004,C
002023,2004,F
002024,2004,H
002025,2004,C
002026,2004,C
002027,2004,G
002028,2004,C
002029,2004,C
002030,2004,C
002031,2004,C
002032,2004,C
002033,2004,K
002034,2004,C
002035,2004,C
002036,2004,C
002037,2004,C
002038,2004,C
002039,2005,D
002040,2005,F
002041,2005,A
002042,2005,C
002043,2005,C
002044,2005,C
002045,2005,C
002046,2005,C
002047,2005,C
002048,2005,C
002049,2005,C
002050,2005,C
002051,2006,E
002052,2006,G
002053,2006,C
002054,2006,C
002055,2006,C
002056,2006,C
002057,2006,C
002058,2006,C
002059,2006,K
002060,2006,E
002061,2006,C
002062,2006,E
002063,2006,G
002064,2006,C
002065,2006,G
002066,2006,C
002067,2006,C
002068,2006,C
002069,2006,A
002070,2006,C
002071,2006,C
002072,2006,C
002073,2006,C
002074,2006,C
002075,2006,C
002076,2006,C
002077,2006,M
002078,2006,C
002079,2006,C
002080,2006,C
002081,2006,E
002082,2006,C
002083,2006,C
002084,2006,C
002085,2006,C
002086,2006,A
002087,2006,C
002088,2006,C
002089,2006,G
002090,2006,G
002091,2006,H
002092,2006,C
002093,2006,G
002094,2006,C
002095,2006,G
002096,2006,C
002097,2006,C
002098,2006,C
002099,2006,C
002100,2006,C
002101,2006,C
002102,2006,C
002103,2007,C
002104,2007,C
002105,2007,C
002106,2007,C
002107,2007,C
002108,2007,C
002109,2007,C
002110,2007,C
002111,2007,C
002112,2007,C
002113,2007,C
002114,2007,C
002115,2007,G
002116,2007,K
002117,2007,C
002118,2007,C
002119,2007,C
002120,2007,C
002121,2007,C
002122,2007,C
002123,2007,C
002124,2007,C
002125,2007,C
002126,2007,C
002127,2007,C
002128,2007,B
002129,2007,C
002130,2007,C
002131,2007,C
002132,2007,C
002133,2007,J
002134,2007,C
002135,2007,E
002136,2007,C
002137,2007,C
002138,2007,C
002139,2007,C
002140,2007,K
002141,2007,C
002142,2007,I
002143,2007,C
002144,2007,C
002145,2007,C
002146,2007,J
002147,2007,C
002148,2007,G
002149,2007,C
002150,2007,C
002151,2007,G
002152,2007,C
002153,2007,G
002154,2007,C
002155,2007,B
002156,2007,C
002157,2007,C
002158,2007,C
002159,2007,K
002160,2007,C
002161,2007,G
002162,2007,C
002163,2007,E
002164,2007,C
002165,2007,C
002166,2007,C
002167,2007,C
002168,2007,C
002169,2007,C
002170,2007,C
002171,2007,C
002172,2007,C
002173,2007,C
002174,2007,C
002175,2007,C
002176,2007,C
002177,2007,C
002178,2007,K
002179,2007,C
002180,2007,C
002181,2007,L
002182,2007,C
002183,2007,K
002184,2007,G
002185,2007,C
002186,2007,K
002187,2007,H
002188,2007,C
002189,2007,C
002190,2007,C
002191,2007,C
002192,2007,C
002193,2007,C
002194,2007,G
002195,2007,G
002196,2007,C
002197,2007,C
002198,2007,C
002199,2007,C
002200,2007,K
002201,2007,C
002202,2007,C
002203,2008,C
002204,2008,C
002205,2008,C
002206,2008,C
002207,2008,B
002208,2008,J
002209,2008,C
002210,2008,K
002211,2008,C
002212,2008,C
002213,2008,C
002214,2008,C
002215,2008,C
002216,2008,C
002217,2008,C
002218,2008,C
002219,2008,C
002220,2008,C
002221,2008,H
002222,2008,C
002223,2008,C
002224,2008,C
002225,2008,C
002226,2008,C
002227,2008,C
002228,2008,C
002229,2008,C
002230,2008,G
002231,2008,G
002232,2008,G
002233,2008,C
002234,2008,A
002235,2008,C
002236,2008,C
002237,2008,C
002238,2008,L
002239,2008,C
002240,2008,C
002241,2008,C
002242,2008,C
002243,2008,C
002244,2008,J
002245,2008,K
002246,2008,C
002247,2008,C
002248,2008,C
002249,2008,C
002250,2008,C
002251,2008,H
002252,2008,C
002253,2008,G
002254,2008,C
002255,2008,C
002256,2008,C
002258,2008,C
002259,2008,C
002260,2008,C
002261,2008,G
002262,2008,H
002263,2008,C
002264,2008,H
002265,2008,C
002266,2008,C
002267,2008,D
002268,2008,G
002269,2008,H
002270,2008,C
002271,2008,C
002272,2008,C
002273,2008,C
002274,2008,C
002275,2009,C
002276,2009,C
002277,2009,H
002278,2009,C
002279,2009,G
002280,2009,G
002281,2009,G
002282,2009,C
002283,2009,C
002284,2009,C
002285,2009,J
002286,2009,C
002287,2009,C
002288,2009,C
002289,2009,C
002290,2009,C
002291,2009,C
002292,2009,C
002293,2009,C
002294,2009,C
002295,2009,C
002296,2009,G
002297,2009,C
002298,2009,C
002299,2009,A
002300,2009,C
002301,2009,C
002302,2009,C
002303,2009,C
002304,2009,C
002305,2009,J
002306,2009,K
002307,2009,E
002308,2009,G
002309,2009,C
002310,2009,E
002311,2009,C
002312,2009,G
002313,2009,G
002314,2009,C
002315,2009,G
002316,2009,G
002317,2009,C
002318,2009,C
002319,2009,C
002320,2009,F
002321,2009,A
002322,2009,C
002323,2009,C
002324,2009,C
002325,2009,E
002326,2009,C
002327,2009,C
002328,2009,C
002329,2010,C
002330,2010,C
002331,2010,G
002332,2010,C
002333,2010,C
002334,2010,C
002335,2010,C
002336,2010,H
002337,2010,C
002338,2010,C
002339,2010,G
002340,2010,B
002341,2010,C
002342,2010,C
002343,2010,C
002344,2010,M
002345,2010,C
002346,2010,C
002347,2010,C
002348,2010,C
002349,2010,C
002350,2010,C
002351,2010,C
002352,2010,C
002353,2010,B
002354,2010,C
002355,2010,C
002356,2010,C
002357,2010,F
002358,2010,C
002359,2010,C
002360,2010,C
002361,2010,C
002362,2010,G
002363,2010,C
002364,2010,C
002365,2010,C
002366,2010,C
002367,2010,C
002368,2010,G
002369,2010,C
002370,2010,C
002371,2010,C
002372,2010,C
002373,2010,G
002374,2010,C
002375,2010,E
002376,2010,G
002377,2010,C
002378,2010,C
002379,2010,C
002380,2010,C
002381,2010,C
002382,2010,C
002383,2010,G
002384,2010,C
002385,2010,C
002386,2010,C
002387,2010,C
002388,2010,C
002389,2010,C
002390,2010,C
002391,2010,C
002392,2010,C
002393,2010,C
002394,2010,C
002395,2010,C
002396,2010,G
002397,2010,C
002398,2010,C
002399,2010,C
002400,2010,K
002401,2010,G
002402,2010,C
002403,2010,C
002404,2010,C
002405,2010,G
002406,2010,C
002407,2010,C
002408,2010,C
002409,2010,C
002410,2010,G
002411,2010,C
002412,2010,C
002413,2010,C
002414,2010,C
002415,2010,C
002416,2010,G
002417,2010,G
002418,2010,C
002419,2010,H
002420,2010,C
002421,2010,G
002422,2010,C
002423,2010,C
002424,2010,C
002425,2010,C
002426,2010,C
002427,2010,C
002428,2010,C
002429,2010,C
002430,2010,C
002431,2010,E
002432,2010,C
002433,2010,C
002434,2010,C
002435,2010,C
002436,2010,C
002437,2010,C
002438,2010,C
002439,2010,G
002440,2010,C
002441,2010,H
002442,2010,C
002443,2010,C
002444,2010,C
002445,2010,C
002446,2010,G
002447,2010,A
002448,2010,C
002449,2010,C
002450,2010,C
002451,2010,C
002452,2010,C
002453,2010,C
002454,2010,C
002455,2010,C
002456,2010,C
002457,2010,C
002458,2010,A
002459,2010,C
002460,2010,C
002461,2010,C
002462,2010,H
002463,2010,C
002464,2010,C
002465,2010,G
002466,2010,C
002467,2010,G
002468,2010,C
002469,2010,K
002470,2010,C
002471,2010,C
002472,2010,C
002473,2010,C
002474,2010,G
002475,2010,C
002476,2010,C
002477,2010,A
002478,2010,C
002479,2010,D
002480,2010,C
002481,2010,C
002482,2010,E
002483,2010,C
002484,2010,C
002485,2010,C
002486,2010,C
002487,2010,C
002488,2010,C
002489,2010,C
002490,2004,C
002491,2010,G
002492,2010,F
002493,2010,C
002494,2010,C
002495,2010,C
002496,2010,C
002497,2010,C
002498,2010,C
002499,2010,C
002500,2010,I
002501,2010,C
002502,2010,C
002503,2010,H
002504,2010,C
002505,2010,A
002506,2010,C
002507,2010,C
002508,2010,C
002509,2010,C
002510,2010,C
002511,2010,C
002512,2010,C
002513,2010,C
002514,2010,C
002515,2010,C
002516,2010,C
002517,2010,C
002518,2010,C
002519,2010,G
002520,2010,C
002521,2010,C
002522,2010,C
002523,2010,C
002524,2010,C
002526,2010,C
002527,2010,C
002528,2010,C
002529,2010,C
002530,2010,C
002531,2010,C
002532,2010,C
002533,2010,C
002534,2011,C
002535,2011,C
002536,2011,C
002537,2011,C
002538,2011,C
002539,2011,C
002540,2011,C
002541,2011,C
002542,2011,E
002543,2011,C
002544,2011,G
002545,2011,C
002546,2011,C
002547,2011,C
002548,2011,C
002549,2011,C
002550,2011,C
002551,2011,C
002552,2011,C
002553,2011,C
002554,2011,B
002555,2011,C
002556,2011,H
002557,2011,C
002558,2011,K
002559,2011,C
002560,2011,C
002561,2011,H
002562,2011,C
002563,2011,H
002564,2011,C
002565,2011,C
002566,2011,C
002567,2011,C
002568,2011,C
002569,2011,C
002570,2011,C
002571,2011,C
002572,2011,C
002573,2011,K
002574,2011,C
002575,2011,C
002576,2011,C
002577,2011,G
002578,2011,C
002579,2011,C
002580,2011,C
002581,2011,C
002582,2011,C
002583,2011,G
002584,2011,C
002585,2011,C
002586,2011,E
002587,2011,C
002588,2011,C
002589,2011,H
002590,2011,C
002591,2011,C
002592,2011,C
002593,2011,C
002594,2002,C
002595,2011,C
002596,2011,C
002597,2011,C
002598,2011,C
002599,2011,C
002600,2011,C
002601,2011,C
002602,2011,C
002603,2011,C
002604,2011,C
002605,2011,C
002606,2011,C
002607,2011,H
002608,2011,C
002609,2011,G
002610,2011,C
002611,2011,C
002612,2011,C
002613,2011,C
002614,2011,C
002615,2011,C
002616,2011,C
002617,2011,C
002618,2011,C
002619,2011,C
002620,2011,E
002621,2011,C
002622,2011,C
002623,2011,C
002624,2011,C
002625,2011,C
002626,2011,C
002627,2011,F
002628,2011,E
002629,2011,B
002630,2011,C
002631,2011,C
002632,2011,C
002633,2011,C
002634,2011,C
002635,2011,G
002636,2011,C
002637,2011,C
002638,2011,C
002639,2011,C
002640,2011,H
002641,2011,C
002642,2011,G
002643,2011,C
002644,2011,C
002645,2011,C
002646,2011,C
002647,2011,C
002648,2011,C
002649,2012,G
002650,2012,C
002651,2012,C
002652,2012,C
002653,2012,C
002654,2012,C
002655,2012,C
002656,2012,C
002657,2012,I
002658,2012,C
002659,2012,E
002660,2012,C
002661,2012,C
002662,2012,C
002663,2012,E
002664,2012,C
002665,2012,C
002666,2012,C
002667,2012,C
002668,2012,C
002669,2012,C
002670,2012,C
002671,2012,C
002672,2003,N
002673,2012,J
002674,2012,C
002675,2012,C
002676,2012,C
002677,2012,C
002678,2012,C
002679,2012,A
002680,2012,C
002681,2012,C
002682,2012,G
002683,2012,B
002684,2012,C
002685,2012,C
002686,2012,C
002687,2012,C
002688,2012,C
002689,2012,C
002690,2012,C
002691,2012,C
002692,2012,C
002693,2012,C
002694,2012,C
002695,2012,C
002696,2012,A
002697,2012,F
002698,2012,C
002699,2012,R
002700,2012,D
002701,2012,C
002702,2012,C
002703,2006,C
002705,2014,C
002706,2014,C
002707,2014,L
002708,2014,C
002709,2014,C
002711,2014,G
002712,2014,L
002713,2014,E
002714,2014,A
002715,2014,C
002716,2014,C
002717,2014,E
002718,2014,C
002719,2014,C
002721,2014,C
002722,2014,C
002723,2014,C
002724,2014,C
002725,2014,C
002726,2014,C
002727,2014,F
002728,2014,C
002729,2014,C
002730,2014,C
002731,2014,C
002732,2014,C
002733,2014,C
002734,2015,C
002735,2014,C
002736,2014,J
002737,2014,C
002738,2014,M
002739,2015,R
002740,2015,C
002741,2015,C
002742,2015,C
002743,2015,C
002745,2015,C
002746,2015,A
002747,2015,C
002748,2015,C
002749,2015,C
002750,2015,C
002751,2015,C
002752,2015,C
002753,2015,C
002755,2015,E
002756,2015,C
002757,2015,C
002758,2015,F
002759,2015,C
002760,2015,C
002761,2015,C
002762,2015,C
002763,2015,C
002765,2015,C
002766,2015,C
002767,2015,C
002768,2015,C
002769,2015,L
002770,2015,C
002771,2015,I
002772,2015,A
002773,2015,C
002774,2017,C
002775,2015,E
002776,2015,M
002777,2015,I
002778,2016,C
002779,2015,C
002780,2015,F
002781,2015,E
002782,2015,C
002783,2015,C
002785,2015,C
002786,2015,C
002787,2015,C
002788,2016,F
002789,2016,E
002790,2016,C
002791,2016,C
002792,2016,C
002793,2016,C
002795,2016,C
002796,2016,C
002797,2016,J
002798,2016,C
002799,2016,C
002800,2016,G
002801,2016,C
002802,2016,C
002803,2016,C
002805,2016,C
002806,2016,C
002807,2016,J
002808,2016,C
002809,2016,C
002810,2016,C
002811,2016,E
002812,2016,C
002813,2016,C
002815,2016,C
002816,2016,C
002817,2016,C
002818,2016,L
002819,2016,F
002820,2016,C
002821,2016,C
002822,2016,E
002823,2016,C
002824,2017,C
002825,2016,C
002826,2016,C
002827,2016,C
002828,2016,B
002829,2016,C
002830,2016,E
002831,2016,C
002832,2016,C
002833,2016,C
002835,2016,C
002836,2016,C
002837,2016,C
002838,2017,C
002839,2017,J
002840,2017,C
002841,2017,C
002842,2017,C
002843,2017,C
002845,2017,C
002846,2017,C
002847,2017,C
002848,2017,C
002849,2017,C
002850,2017,C
002851,2017,C
002852,2017,C
002853,2017,C
002855,2017,C
002856,2017,E
002857,2017,C
002858,2017,R
002859,2017,C
002860,2017,C
002861,2017,C
002862,2017,C
002863,2017,C
002864,2017,C
002865,2017,C
002866,2017,C
002867,2017,F
002868,2017,C
002869,2017,C
002870,2017,C
002871,2017,C
002872,2017,F
002873,2017,C
002875,2017,C
002876,2017,C
002877,2017,C
002878,2017,L
002879,2017,C
002880,2017,C
002881,2017,C
002882,2017,C
002883,2017,M
002884,2017,C
002885,2017,C
002886,2017,C
002887,2017,E
002888,2017,C
002889,2017,L
002890,2017,C
002891,2017,C
002892,2017,C
002893,2017,D
002895,2017,C
002896,2017,C
002897,2017,C
002898,2017,C
002899,2017,C
002900,2017,C
002901,2017,C
002902,2017,C
002903,2017,C
002905,2017,R
002906,2017,C
002907,2017,C
002908,2017,I
002909,2017,C
002910,2015,C
002911,2017,D
002912,2017,I
002913,2017,C
002915,2017,C
002916,2017,C
002917,2017,C
002918,2017,C
002919,2017,C
002920,2017,C
002921,2017,C
002922,2017,C
002923,2018,C
002925,2018,C
002926,2018,J
002927,2018,C
002928,2018,G
002929,2018,I
002930,2018,G
002931,2018,C
002932,2018,C
002933,2018,C
002935,2018,C
002936,2015,J
002937,2018,C
002938,2018,C
002939,2018,J
002940,2018,C
002941,2018,E
002942,2018,C
002943,2018,C
002945,2019,J
002946,2019,C
002947,2019,C
002948,2015,J
002949,2019,M
002950,2019,C
002951,2019,C
002952,2019,C
002953,2019,C
002955,2019,C
002956,2019,C
002957,2019,C
002958,2019,J
002959,2019,C
002960,2019,C
002961,2019,J
002962,2019,C
002963,2019,E
002965,2019,C
002966,2019,J
002967,2019,M
002968,2019,K
002969,2019,C
002970,2019,C
002971,2020,C
002972,2019,C
002973,2020,N
002975,2020,C
002976,2020,C
002977,2020,C
002978,2020,B
002979,2020,C
002980,2020,C
002981,2020,C
002982,2020,A
002983,2020,C
002984,2020,C
002985,2020,C
002986,2020,C
002987,2020,I
002988,2020,C
002989,2020,E
002990,2020,I
002991,2020,C
002992,2020,C
002993,2020,C
002995,2020,I
002996,2020,C
002997,2020,C
002998,2020,C
002999,2020,F
003000,2020,C
003001,2020,E
003002,2020,C
003003,2020,C
003004,2020,I
003005,2020,I
003006,2020,C
003007,2020,I
003008,2020,M
003009,2020,C
003010,2020,I
003011,2020,C
003012,2013,C
003013,2020,M
003015,2020,C
003016,2020,C
003017,2020,C
003018,2020,C
003019,2020,C
003020,2020,F
003021,2020,C
003022,2020,C
003023,2020,C
003025,2020,C
003026,2020,C
003027,2020,N
003028,2020,C
003029,2020,I
003030,2021,C
003031,2021,C
003032,2021,P
003033,2021,C
003035,2021,M
003036,2021,C
003037,2021,C
003038,2021,C
003039,2021,D
003040,2021,C
003041,2021,C
003042,2021,C
003043,2021,C
003816,2014,D
300001,2009,C
300002,2009,G
300003,2009,C
300004,2009,C
300005,2009,C
300006,2009,C
300007,2009,C
300008,2009,K
300009,2009,C
300010,2009,G
300011,2009,C
300012,2009,K
300013,2009,F
300014,2009,C
300015,2009,K
300016,2009,C
300017,2009,G
300018,2009,C
300019,2009,C
300020,2009,G
300021,2009,C
300022,2009,H
300023,2009,C
300024,2009,C
300025,2009,G
300026,2009,C
300027,2009,L
300028,2009,G
300029,2009,C
300030,2009,C
300031,2009,C
300032,2009,C
300033,2009,G
300034,2009,C
300035,2009,C
300036,2009,G
300037,2010,C
300038,2010,G
300039,2010,C
300040,2010,C
300041,2010,C
300042,2010,G
300043,2010,C
300044,2010,G
300045,2010,G
300046,2010,C
300047,2010,G
300048,2010,C
300049,2010,C
300050,2010,G
300051,2010,G
300052,2010,G
300053,2010,C
300054,2010,C
300055,2010,K
300056,2010,C
300057,2010,C
300058,2010,K
300059,2010,G
300061,2010,C
300062,2010,C
300063,2010,C
300064,2010,C
300065,2010,G
300066,2010,C
300067,2010,C
300068,2010,C
300069,2010,C
300070,2010,K
300071,2010,L
300072,2010,C
300073,2010,C
300074,2010,G
300075,2010,G
300076,2010,G
300077,2010,C
300078,2010,C
300079,2010,G
300080,2010,C
300081,2010,G
300082,2010,C
300083,2010,C
300084,2010,B
300085,2010,G
300086,2010,C
300087,2010,A
300088,2010,C
300089,2010,C
300090,2010,C
300091,2010,C
300092,2010,C
300093,2010,C
300094,2010,A
300095,2010,C
300096,2010,G
300097,2010,C
300098,2010,G
300099,2010,C
300100,2010,C
300101,2010,G
300102,2010,C
300103,2010,C
300104,2010,L
300105,2010,C
300106,2010,A
300107,2010,C
300108,2010,C
300109,2010,C
300110,2010,C
300111,2010,C
300112,2010,C
300113,2010,G
300114,2010,C
300115,2010,C
300116,2010,C
300117,2010,E
300118,2010,C
300119,2010,C
300120,2010,C
300121,2010,C
300122,2010,C
300123,2010,C
300124,2010,C
300125,2010,K
300126,2010,C
300127,2010,C
300128,2010,C
300129,2010,C
300130,2010,C
300131,2010,C
300132,2010,C
300133,2010,L
300134,2010,G
300135,2010,C
300136,2010,C
300137,2010,C
300138,2010,C
300139,2010,C
300140,2010,C
300141,2010,C
300142,2010,C
300143,2010,A
300144,2010,K
300145,2010,C
300146,2010,C
300147,2010,C
300148,2010,L
300149,2010,C
300150,2010,G
300151,2010,C
300152,2010,C
300153,2010,C
300154,2010,C
300155,2011,C
300156,2011,C
300157,2011,B
300158,2011,C
300159,2011,C
300160,2011,C
300161,2011,C
300162,2011,C
300163,2011,C
300164,2011,B
300165,2011,C
300166,2011,G
300167,2011,G
300168,2011,G
300169,2011,C
300170,2011,G
300171,2011,C
300172,2011,K
300173,2011,C
300174,2011,C
300175,2011,C
300176,2011,C
300177,2011,G
300178,2011,K
300179,2011,C
300180,2011,C
300181,2011,C
300182,2011,G
300183,2011,G
300184,2011,G
300185,2011,C
300186,2011,A
300187,2011,K
300188,2011,G
300189,2011,A
300190,2011,K
300191,2011,B
300192,2011,C
300193,2011,C
300194,2011,C
300195,2011,C
300196,2011,C
300197,2011,E
300198,2011,C
300199,2011,C
300200,2011,C
300201,2011,C
300202,2011,C
300203,2011,C
300204,2011,C
300205,2011,C
300206,2011,C
300207,2011,C
300208,2011,C
300209,2011,G
300210,2011,C
300211,2011,G
300212,2011,G
300213,2011,G
300214,2011,C
300215,2011,K
300216,2011,C
300217,2011,C
300218,2011,C
300219,2011,C
300220,2011,C
300221,2011,C
300222,2011,C
300223,2011,C
300224,2011,C
300225,2011,C
300226,2011,L
300227,2011,C
300228,2011,C
300229,2011,G
300230,2011,C
300231,2011,G
300232,2011,C
300233,2011,C
300234,2011,C
300235,2011,L
300236,2011,C
300237,2011,C
300238,2011,C
300239,2011,C
300240,2011,F
300241,2011,C
300242,2011,C
300243,2011,C
300244,2011,K
300245,2011,G
300246,2011,C
300247,2011,C
300248,2011,G
300249,2011,C
300250,2011,G
300251,2011,L
300252,2011,C
300253,2011,G
300254,2011,C
300255,2011,C
300256,2011,C
300257,2011,C
300258,2011,C
300259,2011,C
300260,2011,C
300261,2011,C
300262,2011,K
300263,2011,C
300264,2011,G
300265,2011,C
300266,2011,C
300267,2011,C
300268,2011,C
300269,2011,C
300270,2011,G
300271,2011,G
300272,2011,C
300273,2011,C
300274,2011,C
300275,2011,G
300276,2011,C
300277,2011,G
300278,2011,C
300279,2011,C
300280,2011,C
300281,2011,C
300282,2011,G
300283,2012,C
300284,2012,K
300285,2012,C
300286,2012,C
300287,2012,G
300288,2012,G
300289,2012,C
300290,2012,G
300291,2012,L
300292,2012,C
300293,2012,C
300294,2012,C
300295,2012,I
300296,2012,C
300297,2012,I
300298,2012,C
300299,2012,G
300300,2012,I
300301,2012,C
300302,2012,G
300303,2012,C
300304,2012,C
300305,2012,C
300306,2012,C
300307,2012,C
300308,2012,C
300309,2012,C
300310,2012,I
300311,2012,I
300312,2012,I
300313,2012,A
300314,2012,C
300315,2012,I
300316,2012,C
300317,2012,C
300318,2012,C
300319,2012,C
300320,2012,C
300321,2012,C
300322,2012,C
300323,2012,C
300324,2012,I
300325,2012,C
300326,2012,C
300327,2012,C
300328,2012,C
300329,2012,C
300330,2012,I
300331,2012,C
300332,2012,M
300333,2012,I
300334,2012,C
300335,2012,D
300336,2012,R
300337,2012,C
300338,2012,C
300339,2012,I
300340,2012,C
300341,2012,C
300342,2012,C
300343,2012,C
300344,2012,C
300345,2012,C
300346,2012,C
300347,2012,M
300348,2012,I
300349,2012,C
300350,2012,G
300351,2012,C
300352,2012,I
300353,2012,C
300354,2012,C
300355,2012,E
300356,2012,C
300357,2014,C
300358,2014,C
300359,2014,I
300360,2014,C
300362,2014,C
300363,2014,C
300364,2015,R
300365,2014,I
300366,2014,I
300367,2014,C
300368,2014,C
300369,2014,I
300370,2014,C
300371,2014,C
300372,2014,C
300373,2014,C
300374,2015,C
300375,2014,C
300376,2014,C
300377,2014,I
300378,2014,I
300379,2014,I
300380,2014,I
300381,2014,C
300382,2014,C
300383,2014,I
300384,2014,M
300385,2014,C
300386,2014,I
300387,2014,C
300388,2014,N
300389,2014,C
300390,2014,C
300391,2014,C
300392,2014,I
300393,2014,C
300394,2015,C
300395,2014,C
300396,2014,C
300397,2014,C
300398,2014,C
300399,2014,I
300400,2014,C
300401,2014,C
300402,2014,C
300403,2014,C
300404,2015,M
300405,2014,C
300406,2014,C
300407,2014,C
300408,2014,C
300409,2014,C
300410,2014,C
300411,2014,C
300412,2014,C
300413,2015,F
300414,2015,C
300415,2015,C
300416,2015,C
300417,2015,C
300418,2015,I
300419,2015,I
300420,2015,C
300421,2015,C
300422,2015,N
300423,2015,C
300424,2015,C
300425,2015,C
300426,2015,R
300427,2015,C
300428,2015,C
300429,2015,C
300430,2015,C
300431,2015,I
300432,2015,C
300433,2015,C
300434,2015,C
300435,2015,C
300436,2015,C
300437,2015,C
300438,2015,C
300439,2015,C
300440,2015,I
300441,2015,C
300442,2015,C
300443,2015,C
300444,2015,C
300445,2015,C
300446,2015,C
300447,2015,C
300448,2015,I
300449,2015,C
300450,2015,C
300451,2015,I
300452,2015,C
300453,2015,C
300454,2018,I
300455,2015,C
300456,2015,C
300457,2015,C
300458,2015,C
300459,2015,C
300460,2015,C
300461,2015,C
300462,2015,C
300463,2015,C
300464,2015,C
300465,2015,I
300466,2015,C
300467,2015,I
300468,2015,I
300469,2015,I
300470,2015,C
300471,2015,C
300472,2015,C
300473,2015,C
300474,2016,C
300475,2015,C
300476,2015,C
300477,2015,C
300478,2015,C
300479,2015,C
300480,2015,C
300481,2015,C
300482,2015,C
300483,2015,C
300484,2016,C
300485,2015,C
300486,2015,C
300487,2015,C
300488,2015,C
300489,2015,C
300490,2015,C
300491,2015,C
300492,2015,M
300493,2015,I
300494,2015,I
300495,2015,E
300496,2015,I
300497,2015,C
300498,2015,A
300499,2016,C
300500,2016,M
300501,2016,C
300502,2016,C
300503,2016,C
300504,2018,C
300505,2016,C
300506,2016,E
300507,2016,C
300508,2016,I
300509,2016,C
300510,2016,C
300511,2016,A
300512,2016,C
300513,2016,I
300514,2017,C
300515,2016,C
300516,2016,C
300517,2016,E
300518,2016,I
300519,2016,C
300520,2016,I
300521,2016,C
300522,2016,C
300523,2016,I
300525,2016,I
300526,2016,C
300527,2016,C
300528,2016,R
300529,2016,C
300530,2016,C
300531,2016,C
300532,2016,I
300533,2016,I
300534,2016,C
300535,2016,C
300536,2016,E
300537,2016,C
300538,2016,F
300539,2016,C
300540,2016,C
300541,2016,I
300542,2016,I
300543,2016,C
300545,2016,C
300546,2016,C
300547,2016,C
300548,2016,C
300549,2016,C
300550,2016,I
300551,2016,C
300552,2016,I
300553,2016,C
300554,2017,C
300555,2016,C
300556,2016,I
300557,2016,C
300558,2016,C
300559,2016,I
300560,2016,I
300561,2016,I
300562,2016,C
300563,2016,C
300564,2019,M
300565,2016,C
300566,2016,C
300567,2016,C
300568,2016,C
300569,2016,C
300570,2016,C
300571,2016,I
300572,2016,C
300573,2016,C
300575,2016,C
300576,2016,C
300577,2016,C
300578,2017,I
300579,2016,I
300580,2017,C
300581,2016,C
300582,2016,C
300583,2017,C
300584,2017,C
300585,2016,C
300586,2017,C
300587,2017,C
300588,2017,I
300589,2017,C
300590,2017,C
300591,2017,C
300592,2017,R
300593,2017,C
300594,2019,C
300595,2017,C
300596,2017,C
300597,2017,I
300598,2017,I
300599,2017,C
300600,2017,C
300601,2017,C
300602,2017,C
300603,2017,I
300604,2017,C
300605,2017,I
300606,2017,C
300607,2017,C
300608,2017,I
300609,2017,I
300610,2017,C
300611,2017,C
300612,2017,L
300613,2017,I
300614,2021,N
300615,2017,C
300616,2017,C
300617,2017,C
300618,2017,C
300619,2017,C
300620,2017,C
300621,2017,E
300622,2017,F
300623,2017,C
300624,2018,I
300625,2017,C
300626,2017,C
300627,2017,C
300628,2017,C
300629,2017,C
300630,2017,C
300631,2017,C
300632,2017,C
300633,2017,C
300634,2018,I
300635,2017,M
300636,2017,C
300637,2017,C
300638,2017,C
300639,2017,C
300640,2017,R
300641,2017,C
300642,2017,C
300643,2017,C
300644,2018,C
300645,2017,I
300647,2017,C
300648,2017,C
300649,2017,M
300650,2017,C
300651,2017,C
300652,2017,C
300653,2017,C
300654,2017,R
300655,2017,C
300656,2017,C
300657,2017,C
300658,2017,C
300659,2017,I
300660,2017,C
300661,2017,C
300662,2017,L
300663,2017,I
300664,2018,N
300665,2017,C
300666,2017,C
300667,2017,C
300668,2017,M
300669,2017,C
300670,2017,C
300671,2017,I
300672,2017,C
300673,2017,C
300674,2007,I
300675,2017,M
300676,2017,M
300677,2017,C
300678,2017,I
300679,2017,C
300680,2017,C
300681,2017,C
300682,2017,I
300683,2017,C
300684,2017,C
300685,2017,C
300686,2017,C
300687,2017,I
300688,2017,L
300689,2017,C
300690,2017,C
300691,2017,C
300692,2017,N
300693,2017,C
300694,2018,C
300695,2017,C
300696,2017,C
300697,2017,C
300698,2017,C
300699,2017,C
300700,2017,C
300701,2017,C
300702,2017,C
300703,2017,C
300705,2017,C
300706,2017,C
300707,2017,C
300708,2017,C
300709,2017,C
300710,2017,C
300711,2017,C
300712,2017,M
300713,2017,C
300715,2017,C
300716,2017,C
300717,2017,C
300718,2017,C
300719,2017,C
300720,2017,C
300721,2017,C
300722,2017,C
300723,2017,C
300724,2018,C
300725,2017,C
300726,2017,C
300727,2017,C
300729,2017,C
300730,2017,I
300731,2017,C
300732,2017,M
300733,2018,C
300735,2017,C
300736,2018,O
300737,2018,C
300738,2018,I
300739,2018,C
300740,2018,C
300741,2018,C
300742,2018,C
300743,2018,C
300745,2018,C
300746,2018,M
300747,2018,C
300748,2018,C
300749,2018,C
300750,2018,C
300751,2018,C
300752,2018,C
300753,2018,C
300755,2019,F
300756,2018,C
300757,2019,C
300758,2019,C
300759,2019,M
300760,2018,C
300761,2019,A
300762,2019,C
300763,2019,C
300765,2019,C
300766,2019,I
300767,2019,C
300768,2019,I
300769,2019,C
300770,2019,I
300771,2019,C
300772,2019,C
300773,2019,I
300774,2021,N
300775,2019,C
300776,2019,C
300777,2019,C
300778,2019,M
300779,2019,C
300780,2019,C
300781,2019,L
300782,2019,C
300783,2019,F
300785,2019,I
300786,2019,C
300787,2019,C
300788,2019,R
300789,2019,I
300790,2019,C
300791,2019,C
300792,2019,I
300793,2019,C
300795,2019,L
300796,2019,C
300797,2019,M
300798,2019,C
300799,2019,I
300800,2019,C
300801,2019,C
300802,2019,C
300803,2019,I
300804,2023,C
300805,2019,L
300806,2019,C
300807,2019,C
300808,2019,C
300809,2019,C
300810,2019,I
300811,2019,C
300812,2020,C
300813,2020,C
300814,2021,C
300815,2020,N
300816,2020,N
300817,2020,C
300818,2020,C
300819,2020,C
300820,2020,C
300821,2020,C
300822,2020,C
300823,2020,C
300824,2020,C
300825,2020,M
300826,2020,M
300827,2020,C
300828,2020,C
300829,2020,C
300830,2020,I
300831,2020,C
300832,2020,C
300833,2020,C
300834,2022,C
300835,2020,C
300836,2020,C
300837,2020,C
300838,2020,C
300839,2020,C
300840,2020,C
300841,2020,C
300842,2020,C
300843,2020,C
300844,2021,M
300845,2020,I
300846,2020,I
300847,2020,C
300848,2020,C
300849,2020,C
300850,2020,C
300851,2020,I
300852,2020,C
300853,2020,C
300854,2021,N
300855,2020,C
300856,2020,C
300857,2020,C
300858,2020,C
300859,2020,N
300860,2020,R
300861,2020,C
300862,2020,C
300863,2020,C
300864,2020,N
300865,2020,C
300866,2020,C
300867,2020,N
300868,2020,C
300869,2020,C
300870,2020,C
300871,2020,C
300872,2020,I
300873,2020,G
300875,2020,C
300876,2020,C
300877,2020,C
300878,2020,C
300879,2020,C
300880,2020,C
300881,2020,C
300882,2020,C
300883,2020,C
300884,2020,C
300885,2020,C
300886,2020,C
300887,2020,M
300888,2020,C
300889,2020,C
300890,2020,C
300891,2020,C
300892,2020,F
300893,2020,C
300894,2020,C
300895,2020,I
300896,2020,C
300897,2020,C
300898,2020,C
300899,2020,N
300900,2020,C
300901,2020,M
300902,2020,C
300903,2020,C
300904,2023,C
300905,2020,C
300906,2020,C
300907,2020,C
300908,2020,C
300909,2020,C
300910,2020,C
300911,2020,C
300912,2020,N
300913,2020,C
300915,2020,C
300916,2020,C
300917,2020,K
300918,2020,C
300919,2020,C
300920,2020,C
300921,2020,I
300922,2020,C
300923,2020,C
300925,2020,I
300926,2021,C
300927,2021,C
300928,2021,M
300929,2021,N
300930,2021,C
300931,2021,C
300932,2021,C
300933,2021,C
300935,2021,I
300936,2021,C
300937,2021,F
300938,2021,M
300939,2021,C
300940,2021,C
300941,2021,I
300942,2021,C
300943,2021,C
300945,2021,F
300946,2021,C
300947,2021,L
300948,2021,N
300949,2021,M
300950,2021,C
300951,2021,C
300952,2021,C
300953,2021,C
300955,2021,C
300956,2021,C
300957,2021,C
300958,2021,N
300959,2021,I
300960,2021,C
300961,2021,N
300962,2021,C
300963,2021,C
300964,2021,C
300965,2021,C
300966,2021,C
300967,2021,A
300968,2021,C
300969,2021,C
300970,2021,A
300971,2021,C
300972,2021,A
300973,2021,C
300975,2021,F
300976,2021,C
300977,2021,M
300978,2021,C
300979,2021,C
300980,2021,C
300981,2021,C
300982,2021,E
300983,2021,M
300984,2021,C
300985,2021,C
300986,2021,C
300987,2021,I
300988,2021,C
300989,2021,M
300990,2021,C
300991,2021,C
300992,2021,C
300993,2021,C
300994,2021,C
300995,2021,C
300996,2008,I
300997,2021,C
300998,2021,C
300999,2020,C
301000,2021,C
301001,2021,I
301002,2021,C
301003,2021,C
301004,2021,C
301005,2021,C
301006,2021,C
301007,2021,C
301008,2021,C
301009,2021,C
301010,2021,C
301011,2021,C
301012,2021,C
301013,2021,C
301015,2021,F
301016,2021,C
301017,2021,F
301018,2021,C
301019,2021,C
301020,2021,C
301021,2021,C
301022,2021,C
301023,2021,C
301024,2021,M
301025,2021,R
301026,2021,C
301027,2021,M
301028,2021,C
301029,2021,C
301030,2021,C
301031,2021,C
301032,2021,C
301033,2021,C
301035,2021,C
301036,2021,C
301037,2021,C
301038,2021,M
301039,2019,C
301040,2021,C
301041,2021,C
301042,2021,C
301043,2021,C
301045,2021,C
301046,2021,M
301047,2021,M
301048,2021,C
301049,2021,N
301050,2021,C
301051,2021,C
301052,2021,R
301053,2021,C
301055,2021,C
301056,2021,C
301057,2021,C
301058,2021,M
301059,2021,C
301060,2021,Q
301061,2021,C
301062,2021,C
301063,2021,C
301065,2021,C
301066,2021,C
301067,2021,C
301068,2021,C
301069,2021,C
301070,2021,C
301071,2021,C
301072,2021,C
301073,2021,H
301075,2021,C
301076,2021,C
301077,2021,C
301078,2021,F
301079,2021,C
301080,2021,M
301081,2021,C
301082,2021,C
301083,2021,C
301085,2021,F
301086,2021,C
301087,2021,C
301088,2021,F
301089,2021,C
301090,2021,C
301091,2021,M
301092,2021,C
301093,2021,C
301095,2022,I
301096,2021,M
301097,2022,C
301098,2021,E
301099,2021,F
301100,2021,C
301101,2021,C
301102,2022,L
301103,2022,Q
301105,2022,C
301106,2022,C
301107,2022,C
301108,2021,C
301109,2022,N
301110,2022,I
301111,2021,C
301112,2022,C
301113,2021,C
301115,2022,M
301116,2022,C
301117,2022,I
301118,2021,C
301119,2021,C
301120,2022,C
301121,2022,C
301122,2022,C
301123,2022,C
301125,2022,C
301126,2021,F
301127,2021,N
301128,2021,C
301129,2021,C
301130,2022,C
301131,2022,C
301132,2022,C
301133,2021,C
301135,2022,C
301136,2022,M
301137,2022,C
301138,2021,C
301139,2022,I
301141,2023,C
301148,2022,N
301149,2021,C
301150,2022,C
301151,2022,C
301152,2022,C
301153,2022,I
301155,2021,C
301156,2022,C
301157,2023,C
301158,2022,C
301159,2022,I
301160,2022,C
301161,2022,C
301162,2022,I
301163,2022,C
301165,2022,C
301166,2021,F
301167,2021,M
301168,2021,C
301169,2021,L
301170,2023,C
301171,2022,I
301172,2023,I
301175,2022,N
301176,2022,C
301177,2021,F
301178,2021,I
301179,2021,I
301180,2021,C
301181,2022,C
301182,2021,C
301183,2022,C
301185,2021,I
301186,2021,C
301187,2022,C
301188,2021,C
301189,2021,C
301190,2021,C
301191,2022,C
301192,2020,C
301193,2021,C
301195,2022,I
301196,2022,C
301197,2022,I
301198,2021,C
301199,2021,C
301200,2022,C
301201,2022,C
301202,2023,C
301203,2023,N
301205,2022,C
301206,2022,C
301207,2022,C
301208,2022,I
301209,2022,C
301210,2023,C
301211,2021,C
301212,2022,C
301213,2021,I
301215,2022,M
301216,2022,C
301217,2022,C
301218,2022,I
301219,2022,C
301220,2022,C
301221,2021,I
301222,2022,C
301223,2022,C
301225,2023,C
301226,2022,C
301227,2022,C
301228,2022,M
301229,2022,C
301230,2022,M
301231,2022,R
301232,2023,C
301233,2022,C
301234,2022,C
301235,2022,M
301236,2022,I
301237,2022,C
301238,2022,C
301239,2022,Q
301246,2023,C
301248,2022,I
301251,2023,C
301252,2023,C
301255,2022,C
301256,2022,C
301257,2022,M
301258,2022,C
301259,2022,N
301260,2023,C
301261,2023,C
301262,2023,I
301263,2022,F
301265,2022,C
301266,2022,C
301267,2022,Q
301268,2022,C
301269,2022,I
301270,2022,I
301272,2023,C
301273,2022,C
301276,2022,C
301277,2022,C
301278,2022,C
301279,2022,C
301280,2022,C
301281,2023,C
301282,2022,C
301283,2022,C
301285,2022,C
301286,2022,C
301287,2023,C
301288,2022,C
301289,2022,M
301290,2022,C
301291,2023,C
301292,2023,C
301293,2023,Q
301295,2023,C
301296,2022,C
301297,2022,M
301298,2022,C
301299,2022,I
301300,2022,C
301301,2022,C
301302,2022,I
301303,2023,C
301305,2023,N
301306,2022,M
301307,2023,C
301308,2022,C
301309,2022,C
301310,2023,C
301311,2022,C
301312,2022,C
301313,2022,I
301314,2023,C
301315,2023,I
301316,2022,I
301317,2023,C
301318,2022,C
301319,2022,C
301320,2023,C
301321,2020,C
301322,2023,C
301323,2023,C
301325,2023,C
301326,2022,C
301327,2022,C
301328,2022,C
301329,2023,C
301330,2022,C
301331,2022,C
301332,2023,C
301333,2022,M
301335,2022,C
301336,2022,C
301337,2023,I
301338,2022,C
301339,2022,I
301345,2023,C
301348,2023,C
301349,2022,C
301353,2023,C
301355,2023,C
301356,2022,C
301357,2023,C
301358,2023,C
301359,2022,C
301360,2023,C
301361,2022,C
301362,2023,C
301363,2022,C
301365,2022,M
301366,2022,C
301367,2022,C
301368,2022,C
301369,2022,C
301370,2023,F
301371,2023,C
301372,2023,N
301373,2023,C
301376,2023,F
301377,2022,C
301378,2023,I
301379,2022,C
301380,2022,I
301381,2023,F
301382,2023,I
301383,2023,C
301386,2023,C
301387,2023,C
301388,2022,C
301389,2022,C
301390,2023,M
301391,2022,C
301393,2023,C
301395,2023,C
301396,2022,I
301397,2023,C
301398,2022,C
301399,2023,C
301408,2023,F
301413,2023,C
301418,2023,C
301419,2023,C
301421,2023,C
301428,2023,I
301429,2023,C
301439,2023,C
301446,2023,C
301448,2023,C
301456,2023,C
301459,2023,C
301468,2023,C
301469,2023,C
301486,2023,C
301487,2023,C
301488,2023,C
301489,2023,C
301498,2023,C
301499,2023,C
301500,2023,C
301502,2024,C
301503,2023,C
301505,2023,M
301507,2023,C
301508,2023,M
301509,2023,C
301510,2023,C
301511,2023,C
301512,2023,C
301515,2023,C
301516,2023,C
301517,2023,C
301518,2023,C
301519,2023,N
301520,2023,M
301522,2024,C
301525,2023,C
301526,2023,C
301528,2023,C
301529,2023,C
301533,2023,C
301536,2024,C
301538,2024,C
301539,2024,C
301548,2023,C
301550,2023,C
301555,2023,C
301558,2023,F
301559,2023,C
301566,2023,C
301567,2024,C
301568,2023,C
301577,2024,C
301578,2023,C
301588,2024,C
301589,2024,C
301591,2024,C
301611,2024,C
302132,2010,C
430017,2023,C
430047,2020,C
430090,2021,I
430139,2022,C
430198,2020,C
430300,2022,C
430418,2020,C
430425,2023,I
430476,2022,C
430478,2023,C
430489,2020,C
430510,2020,C
430556,2023,C
430564,2022,I
430685,2022,C
430718,2022,C
600000,1999,I
600001,1998,C
600002,1998,C
600003,1999,F
600004,2003,F
600005,1999,C
600006,1999,C
600007,1999,K
600008,2000,K
600009,1998,F
600010,2001,C
600011,1994,D
600012,1996,F
600015,2003,I
600016,2000,I
600017,2006,F
600018,2000,F
600019,2000,C
600020,2003,F
600021,2003,D
600022,2004,C
600023,2013,D
600025,2017,D
600026,1994,F
600027,1999,D
600028,2000,B
600029,1997,F
600030,2003,I
600031,2003,C
600032,2021,D
600033,2001,F
600035,2004,F
600036,2002,I
600037,2001,L
600038,2000,C
600039,2003,E
600048,2006,J
600050,2002,G
600051,1997,M
600052,1997,J
600053,1997,J
600054,1996,K
600055,1997,C
600056,1997,H
600057,1997,C
600058,1997,H
600059,1997,C
600060,1997,C
600061,1997,C
600062,1997,C
600063,1997,C
600064,1997,J
600065,1997,C
600066,1997,C
600067,1997,C
600068,1997,E
600069,1997,C
600070,1997,C
600071,1997,C
600072,1997,C
600073,1997,C
600074,1997,C
600075,1997,A
600076,1997,G
600077,1997,G
600078,1997,C
600079,1997,M
600080,1997,C
600081,1997,C
600082,1997,J
600083,1997,C
600084,1997,H
600085,1997,C
600086,1997,C
600087,1997,F
600088,1997,L
600089,1997,C
600090,1997,C
600091,1997,C
600092,1997,C
600093,1997,A
600094,1996,C
600095,1997,C
600096,1997,C
600097,1997,C
600098,1997,D
600099,1997,C
600100,1997,G
600101,1997,D
600102,1997,C
600103,1997,C
600104,1997,C
600105,1997,G
600106,1997,F
600107,1997,C
600108,1997,A
600109,1997,I
600110,1997,C
600111,1997,C
600112,1997,C
600113,1997,C
600114,2004,C
600115,1997,F
600116,1997,D
600117,1997,C
600118,1997,C
600119,1998,M
600120,1997,H
600121,1998,D
600122,1998,G
600123,1998,B
600125,1998,F
600126,1998,C
600127,1998,C
600128,1997,H
600129,1997,C
600130,2000,G
600131,1998,D
600132,1997,C
600133,1998,M
600135,1998,C
600136,1998,M
600137,1998,C
600138,1997,K
600139,1998,G
600141,1999,C
600143,2004,C
600145,1999,E
600146,1999,C
600148,1998,C
600149,1999,C
600150,1998,C
600151,1998,C
600152,1998,C
600153,1998,H
600155,1998,C
600156,1998,C
600157,1998,M
600158,1998,K
600159,1998,C
600160,1998,C
600161,1998,C
600162,1998,C
600163,1998,C
600165,1998,C
600166,1998,C
600167,1999,J
600168,1998,D
600169,1998,C
600170,1998,E
600171,1998,C
600172,1998,C
600173,1999,C
600175,1999,J
600176,1999,C
600177,1998,C
600178,1998,C
600179,1998,C
600180,1998,A
600181,1998,C
600182,1999,C
600183,1998,C
600184,2003,C
600185,1999,G
600186,1998,C
600187,1998,C
600188,1998,B
600189,1998,A
600190,1998,F
600191,1998,C
600192,1998,C
600193,1999,M
600195,1999,C
600196,1998,C
600197,1999,C
600198,1998,G
600199,1998,C
600200,1999,C
600201,1999,C
600202,1999,C
600203,1999,C
600205,1999,C
600206,1999,C
600207,1999,C
600208,1999,C
600209,1999,M
600210,1999,C
600211,1999,C
600212,1999,C
600213,1999,C
600215,1999,J
600216,1999,C
600217,1999,C
600218,1998,C
600219,1999,C
600220,1999,C
600221,1997,F
600222,1999,C
600223,2000,M
600225,2000,A
600226,1999,C
600227,2000,C
600228,1999,C
600229,2000,C
600230,2000,C
600231,2000,C
600232,2000,C
600233,2000,C
600234,2000,H
600235,2000,C
600236,2000,K
600237,2000,C
600238,2000,C
600239,1999,C
600240,2000,J
600241,2000,H
600242,2000,F
600243,2000,C
600246,2000,J
600247,2000,H
600248,2000,A
600249,2004,C
600250,2001,H
600251,2003,A
600252,2000,M
600253,2000,C
600255,2000,C
600256,2000,J
600257,2000,A
600258,2000,K
600259,2000,C
600260,2000,C
600261,2000,C
600262,2000,C
600263,2000,E
600265,2000,A
600266,1999,E
600267,2000,C
600268,1999,C
600269,2000,F
600270,2000,F
600271,2003,G
600272,1997,C
600273,2003,C
600275,2000,A
600276,2000,C
600277,2000,C
600278,2000,H
600279,2000,F
600280,2000,H
600281,2000,C
600282,2000,C
600283,2000,D
600284,2004,E
600285,2000,C
600286,1999,C
600287,2000,H
600288,2000,G
600289,2000,G
600290,2000,C
600291,2000,C
600292,2000,D
600293,2000,C
600295,1995,C
600296,2000,C
600297,2000,C
600298,2000,C
600299,2000,C
600300,2000,C
600301,2000,C
600302,2000,C
600303,2000,C
600305,2001,C
600306,2000,H
600307,2000,C
600308,2000,C
600309,2001,C
600310,2001,D
600311,2001,C
600312,2001,C
600313,2001,A
600315,2001,C
600316,2000,C
600317,2002,F
600318,2000,C
600319,2001,C
600320,1997,C
600321,2001,C
600322,2001,J
600323,2000,D
600325,2004,J
600326,2001,F
600327,2002,H
600328,2000,C
600329,1997,C
600330,2001,C
600331,2001,C
600332,1997,C
600333,2000,D
600335,2001,C
600336,2000,C
600337,2000,C
600338,2000,C
600339,2000,C
600340,2003,C
600343,2003,C
600345,2000,G
600346,2001,C
600348,2003,B
600350,2002,K
600351,2002,C
600352,2003,C
600353,2002,C
600354,2004,A
600355,2002,G
600356,2001,C
600357,2002,C
600358,2000,K
600359,1999,A
600360,2001,C
600361,2001,H
600362,1997,C
600363,2001,C
600365,2001,C
600366,2000,C
600367,2001,C
600368,2000,F
600369,2001,F
600370,2003,C
600371,2002,C
600372,2001,C
600373,2002,C
600375,2003,C
600376,2001,J
600377,1997,F
600378,2001,C
600379,2002,C
600380,2001,C
600381,2001,H
600382,2001,C
600383,2001,J
600385,2001,C
600386,2001,L
600387,2004,F
600388,2000,C
600389,2001,C
600390,2001,C
600391,2001,C
600392,2003,G
600393,2001,J
600395,2001,B
600396,2001,D
600397,2002,C
600398,2000,C
600399,2000,C
600400,2001,C
600401,2003,C
600403,2003,G
600405,2004,C
600406,2003,G
600408,2003,C
600409,2003,C
600410,2004,G
600415,2002,H
600416,2002,C
600418,2001,C
600419,2001,C
600420,2004,C
600421,2004,C
600422,2000,C
600423,2003,C
600425,2003,C
600426,2002,C
600428,2002,F
600429,2003,C
600432,2003,C
600433,2003,C
600435,2003,C
600436,2003,C
600438,2004,A
600439,2003,C
600444,2004,C
600446,2003,G
600448,2001,C
600449,2003,C
600452,2004,D
600455,2004,G
600456,2002,C
600458,2002,C
600459,2003,C
600460,2003,C
600461,2004,D
600462,2003,C
600463,2004,J
600466,2001,C
600467,2004,A
600468,2001,C
600469,2003,C
600470,2004,C
600472,2005,B
600475,2003,C
600476,2003,G
600477,2003,E
600478,2003,C
600479,2004,C
600480,2003,C
600481,2003,C
600482,2004,C
600483,2004,C
600485,2003,G
600486,2002,C
600487,2003,G
600488,2001,C
600489,2003,B
600490,2003,C
600491,2004,E
600493,2004,C
600495,2004,C
600496,2002,E
600497,2004,B
600498,2001,G
600499,2002,C
600500,2000,H
600501,2001,C
600502,2003,E
600503,2002,G
600505,2002,D
600506,2001,A
600507,2003,C
600508,2001,B
600509,2002,D
600510,2002,C
600511,2002,H
600512,2002,E
600513,2003,C
600515,2002,H
600516,2002,C
600517,2003,C
600518,2001,C
600519,2001,C
600520,2002,C
600521,2003,C
600522,2002,G
600523,2001,C
600525,2002,C
600526,2002,C
600527,2003,C
600528,2001,E
600529,2002,C
600530,2001,C
600531,2002,C
600532,2002,C
600533,2002,J
600535,2002,C
600536,2002,G
600537,2003,C
600538,2003,C
600539,2001,C
600540,2004,A
600543,2004,C
600545,2003,E
600546,2003,E
600547,2003,B
600548,1997,F
600549,2002,C
600550,2001,C
600551,2002,C
600552,2002,C
600553,2002,C
600555,1999,C
600556,2001,C
600557,2002,C
600558,2001,C
600559,2002,C
600560,2002,C
600561,2002,F
600562,2003,C
600563,2002,C
600565,2002,C
600566,2001,C
600567,2001,C
600568,2001,C
600569,2001,C
600570,2003,G
600571,2002,G
600572,2004,C
600573,2003,C
600575,2003,F
600576,2003,C
600577,2002,C
600578,2002,D
600579,2002,C
600580,2002,C
600581,2002,C
600582,2002,C
600583,2002,B
600584,2003,C
600585,1997,C
600586,2002,C
600587,2002,C
600588,2001,G
600589,2001,C
600590,2002,C
600591,2002,F
600592,2002,C
600593,2002,K
600594,2004,C
600595,2002,C
600596,2001,C
600597,2002,C
600598,2002,A
600599,2001,C
600600,1993,C
600601,1990,G
600602,1990,C
600603,1992,J
600604,1992,C
600605,1992,C
600606,1992,J
600607,1992,M
600608,1992,G
600609,1992,C
600610,1992,C
600611,1992,K
600612,1992,C
600613,1992,G
600614,1992,C
600615,1992,C
600616,1992,H
600617,1992,C
600618,1992,C
600619,1992,C
600620,1992,M
600621,1992,G
600622,1992,M
600623,1992,C
600624,1993,M
600625,1993,C
600626,1993,C
600627,1993,C
600628,1993,H
600629,1993,C
600630,1993,C
600631,1993,H
600632,1993,H
600633,1993,C
600634,1993,J
600635,1993,M
600636,1993,C
600637,1993,C
600638,1993,J
600639,1993,J
600640,1993,G
600641,1993,J
600642,1993,D
600643,1993,M
600644,1993,D
600645,1993,C
600646,1993,L
600647,1993,M
600648,1993,J
600649,1993,M
600650,1993,F
600651,1990,C
600652,1990,M
600653,1990,M
600654,1990,C
600655,1992,H
600656,1990,C
600657,1993,C
600658,1993,G
600659,1993,M
600660,1993,C
600661,1993,M
600662,1993,K
600663,1993,J
600664,1993,C
600665,1993,J
600666,1993,C
600667,1993,C
600668,1993,C
600669,1993,C
600670,1993,M
600671,1993,C
600672,1993,A
600673,1993,C
600674,1993,D
600675,1993,J
600676,1993,C
600677,1993,C
600678,1993,C
600679,1993,C
600680,1993,G
600681,1993,L
600682,1993,H
600683,1993,H
600684,1993,J
600685,1993,C
600686,1993,C
600687,1993,G
600688,1993,C
600689,1993,C
600690,1993,C
600691,1993,C
600692,1993,F
600693,1993,H
600694,1993,H
600695,1993,C
600696,1993,C
600697,1993,H
600698,1993,C
600699,1993,C
600700,1996,M
600701,1996,M
600702,1996,C
600703,1996,C
600704,1996,H
600705,1996,M
600706,1996,G
600707,1996,C
600708,1996,F
600709,1996,A
600710,1996,C
600711,1996,M
600712,1996,H
600713,1996,H
600714,1996,B
600715,1996,C
600716,1996,C
600717,1996,F
600718,1996,G
600719,1996,D
600720,1996,C
600721,1996,H
600722,1996,C
600723,1996,H
600724,1996,C
600725,1996,C
600726,1996,D
600727,1996,C
600728,1996,G
600729,1996,H
600730,1996,H
600731,1996,C
600732,1996,J
600733,1996,G
600734,1996,G
600735,1996,C
600736,1996,J
600737,1996,C
600738,1996,H
600739,1996,H
600740,1996,C
600741,1996,K
600742,1996,C
600743,1996,M
600744,1996,D
600745,1996,C
600746,1996,C
600747,1996,C
600748,1996,J
600749,1996,K
600750,1996,C
600751,1996,F
600752,1996,C
600753,1996,C
600754,1994,K
600755,1996,H
600756,1996,G
600757,1996,C
600758,1996,E
600759,1996,M
600760,1996,C
600761,1996,C
600762,1996,A
600763,1996,C
600764,1996,G
600765,1996,C
600766,1996,H
600767,1996,J
600768,1996,F
600769,1996,D
600770,1996,M
600771,1996,C
600772,1996,F
600773,1996,H
600774,1996,H
600775,1996,G
600776,1996,G
600777,1996,M
600778,1996,H
600779,1996,C
600780,1996,D
600781,1996,C
600782,1996,C
600783,1996,C
600784,1996,C
600785,1997,H
600786,1996,C
600787,1997,F
600788,1996,C
600789,1997,C
600790,1997,M
600791,1997,J
600792,1997,C
600793,1997,C
600794,1997,C
600795,1997,D
600796,1997,C
600797,1997,G
600798,1997,F
600799,1997,G
600800,1993,C
600801,1994,C
600802,1994,C
600803,1994,C
600804,1994,G
600805,1994,M
600806,1993,C
600807,1994,H
600808,1993,C
600809,1994,C
600810,1994,C
600811,1994,M
600812,1994,C
600813,1994,C
600814,1994,H
600815,1994,C
600816,1994,I
600817,1994,M
600818,1993,C
600819,1993,C
600820,1994,E
600821,1994,H
600822,1994,H
600823,1994,J
600824,1994,H
600825,1994,H
600826,1994,H
600827,1994,H
600828,1994,H
600829,1994,C
600830,1994,H
600831,1994,L
600832,1994,M
600833,1994,H
600834,1994,D
600835,1994,C
600836,1994,C
600837,1994,I
600838,1994,H
600839,1994,C
600840,1994,H
600841,1993,C
600842,1994,C
600843,1994,C
600844,1993,C
600845,1994,C
600846,1994,M
600847,1994,C
600848,1994,C
600849,1994,C
600850,1994,G
600851,1993,C
600852,1994,E
600853,1994,E
600854,1994,C
600855,1994,C
600856,1994,H
600857,1994,H
600858,1994,H
600859,1994,H
600860,1993,C
600861,1994,H
600862,1994,C
600863,1994,D
600864,1994,D
600865,1994,H
600866,1994,C
600867,1994,C
600868,1994,M
600869,1995,C
600870,1995,C
600871,1994,C
600872,1995,M
600873,1995,C
600874,1994,K
600875,1994,C
600876,1994,C
600877,1995,C
600878,1995,M
600879,1995,C
600880,1995,L
600881,1995,M
600882,1995,C
600883,1995,C
600884,1996,C
600885,1996,C
600886,1996,D
600887,1996,C
600888,1996,C
600889,1996,C
600890,1996,J
600891,1996,H
600892,1996,C
600893,1996,C
600894,1996,C
600895,1996,M
600896,1996,F
600897,1996,F
600898,1996,H
600899,1996,L
600900,2003,D
600901,2018,L
600903,2017,D
600905,2021,D
600906,2021,J
600908,2016,J
600909,2016,J
600916,2021,F
600917,2014,D
600918,2020,J
600919,2016,J
600925,2023,B
600926,2016,J
600927,2021,J
600928,2019,J
600929,2018,C
600933,2017,C
600935,2021,C
600936,2016,I
600938,2001,B
600939,2017,E
600941,1997,I
600955,2021,C
600956,2010,D
600958,2015,J
600959,2015,I
600960,2004,C
600961,2004,C
600962,2004,A
600963,2004,C
600965,2004,A
600966,2004,C
600967,2004,C
600968,2019,B
600969,2004,D
600970,2005,E
600971,2004,B
600973,2004,C
600975,2004,A
600976,2004,C
600977,2016,R
600978,2004,C
600979,2004,D
600980,2004,C
600981,2004,H
600982,2004,D
600983,2004,C
600984,2004,C
600985,2004,C
600986,2004,E
600987,2004,C
600988,2004,C
600989,2019,C
600990,2004,G
600991,2004,C
600992,2004,C
600993,2004,C
600995,2004,D
600996,2016,I
600997,2004,B
600998,2010,H
600999,2009,I
601000,2010,F
601001,2006,B
601002,2007,C
601003,2007,C
601005,1997,C
601006,2006,F
601007,2007,K
601008,2007,F
601009,2007,I
601010,2011,H
601011,2011,C
601012,2012,C
601015,2014,C
601016,2014,D
601018,2010,F
601019,2017,R
601020,2016,B
601021,2015,G
601022,2022,G
601028,2011,C
601033,2024,N
601038,1997,C
601058,2011,C
601059,2023,J
601061,2023,F
601065,2023,C
601066,2016,J
601068,2012,E
601069,2015,B
601077,2010,J
601083,2023,G
601086,2017,F
601088,2005,B
601089,2022,C
601096,2023,C
601098,2010,L
601099,2007,I
601100,2011,C
601101,2010,B
601106,2010,C
601107,1997,F
601108,2017,J
601111,2004,F
601113,2011,C
601116,2011,H
601117,2010,K
601118,2011,A
601121,2023,B
601126,2010,C
601127,2016,C
601128,2016,J
601133,2023,E
601136,2022,J
601137,2011,C
601138,2018,C
601139,2009,D
601155,2015,K
601156,2021,G
601158,2010,D
601162,2018,J
601163,2016,C
601166,2007,I
601168,2007,B
601169,2007,I
601177,2010,C
601179,2010,D
601186,2008,E
601187,2020,J
601188,2010,F
601198,2015,J
601199,2011,D
601200,2017,N
601208,2011,C
601211,2015,J
601212,2017,C
601216,2011,C
601218,2011,C
601222,2011,C
601225,2014,B
601226,2014,M
601228,2017,G
601229,2016,J
601231,2012,C
601233,2011,C
601236,2019,J
601238,2010,C
601258,2011,H
601268,2010,C
601279,2021,C
601288,2010,I
601298,2014,G
601299,2009,C
601311,2011,C
601313,2012,F
601318,2004,I
601319,2012,J
601326,2013,G
601328,2005,I
601330,2014,N
601333,1996,F
601336,2011,I
601339,2012,C
601360,2018,I
601366,2017,F
601368,2015,D
601369,2010,C
601375,2014,J
601377,2010,I
601388,2012,C
601390,2007,E
601398,2006,I
601399,2020,E
601456,2015,J
601500,2016,C
601512,2019,K
601515,2012,C
601518,2010,F
601519,2011,G
601528,2021,J
601555,2011,I
601558,2011,C
601566,2011,C
601567,2011,C
601568,2020,C
601577,2018,J
601579,2014,C
601588,1997,J
601595,2016,R
601598,2003,G
601599,2011,C
601600,2001,C
601601,2007,I
601606,2018,C
601607,1994,C
601608,2012,C
601609,2020,C
601611,2016,E
601615,2019,C
601616,2011,C
601618,2009,E
601619,2017,D
601628,2003,I
601633,2003,C
601636,2011,C
601658,2016,J
601665,2021,J
601666,2006,B
601668,2009,E
601669,2011,E
601677,2011,C
601678,2010,M
601686,2020,C
601688,2010,I
601689,2015,C
601696,2020,J
601698,2019,I
601699,2006,B
601700,2011,C
601702,2020,C
601717,2010,C
601718,2010,M
601727,2005,C
601728,2002,I
601766,2008,C
601777,2010,C
601778,2020,D
601788,2009,I
601789,2011,E
601798,2011,C
601799,2011,C
601800,2006,E
601801,2010,L
601808,2002,B
601811,2007,R
601816,2020,G
601818,2010,I
601825,2021,J
601827,2020,N
601828,2015,L
601838,2018,J
601857,2000,B
601858,2017,R
601860,2019,J
601865,2015,C
601866,2004,F
601868,2015,E
601869,2014,C
601872,2006,F
601877,2010,C
601878,2017,J
601880,2006,F
601881,2013,J
601882,2016,C
601886,2011,E
601888,2009,K
601890,2010,C
601898,2006,B
601899,2003,B
601900,2016,R
601901,2011,I
601908,2011,C
601916,2016,J
601918,2007,B
601919,2005,F
601921,2021,R
601928,2011,L
601929,2012,L
601933,2010,H
601939,2005,I
601949,2017,R
601952,2017,C
601956,2020,C
601958,2008,B
601963,2013,J
601965,2012,C
601966,2016,C
601968,2015,C
601969,2014,B
601975,2019,G
601985,2015,D
601988,2006,I
601989,2009,C
601990,2018,J
601991,1997,D
601992,2009,C
601995,2015,J
601996,2011,C
601997,2016,J
601998,2007,I
601999,2007,L
603000,2012,I
603001,2012,C
603002,2012,C
603003,2012,F
603004,2023,C
603005,2014,C
603006,2014,C
603007,2016,E
603008,2012,C
603009,2014,C
603010,2014,C
603011,2014,C
603012,2015,C
603013,2018,C
603015,2015,C
603016,2016,C
603017,2014,M
603018,2014,M
603019,2014,C
603020,2015,C
603021,2015,C
603022,2015,C
603023,2015,C
603025,2015,C
603026,2015,C
603027,2016,C
603028,2016,C
603029,2016,C
603030,2015,E
603031,2016,F
603032,2017,G
603033,2016,C
603035,2017,C
603036,2016,C
603037,2017,C
603038,2017,C
603039,2017,I
603040,2017,C
603041,2017,C
603042,2017,C
603043,2017,C
603045,2018,C
603048,2021,C
603050,2017,C
603051,2022,C
603052,2022,C
603053,2019,D
603055,2017,C
603056,2018,G
603057,2022,C
603058,2016,C
603059,2018,C
603060,2016,M
603061,2023,C
603062,2023,C
603063,2017,C
603065,2023,C
603066,2015,G
603067,2016,C
603068,2019,C
603069,2016,G
603070,2022,C
603071,2021,F
603073,2023,C
603075,2023,C
603076,2017,C
603077,2012,C
603078,2017,C
603079,2017,C
603080,2018,D
603081,2017,C
603082,2024,C
603083,2017,C
603085,2015,C
603086,2017,C
603087,2020,C
603088,2014,C
603089,2017,C
603090,2016,C
603093,2019,J
603095,2020,C
603096,2017,R
603097,2022,C
603098,2016,E
603099,2014,N
603100,2014,C
603101,2016,F
603102,2022,C
603103,2017,R
603105,2018,C
603106,2017,C
603107,2023,C
603108,2015,F
603109,2019,C
603110,2017,C
603111,2014,C
603112,2020,C
603113,2017,C
603115,2019,C
603116,2015,C
603117,2015,L
603118,2015,C
603119,2023,C
603121,2019,C
603122,2022,F
603123,2012,F
603125,2023,C
603126,2014,M
603127,2017,M
603128,2012,G
603129,2017,C
603130,2022,C
603131,2016,C
603132,2022,B
603133,2017,C
603135,2023,C
603136,2017,N
603137,2023,E
603138,2017,I
603139,2017,C
603150,2022,C
603151,2022,C
603153,2023,M
603155,2020,C
603156,2018,C
603157,2014,C
603158,2015,C
603159,2016,C
603160,2016,C
603161,2018,C
603162,2023,G
603163,2022,E
603165,2017,C
603166,2014,C
603167,2012,G
603168,2014,C
603169,2014,C
603170,2022,C
603171,2021,I
603172,2023,C
603173,2023,C
603176,2021,E
603177,2017,N
603178,2017,C
603179,2017,C
603180,2017,C
603181,2017,C
603182,2022,C
603183,2017,M
603185,2018,C
603186,2017,C
603187,2018,C
603188,2014,C
603189,2016,I
603190,2023,C
603191,2022,C
603192,2018,C
603193,2023,C
603195,2020,C
603196,2017,C
603197,2017,C
603198,2015,C
603199,2015,N
603200,2017,N
603201,2022,C
603203,2016,C
603206,2022,I
603208,2017,C
603209,2022,G
603211,2022,C
603212,2020,C
603213,2021,C
603214,2018,F
603215,2022,C
603216,2021,C
603217,2019,C
603218,2016,C
603219,2021,C
603220,2018,I
603221,2020,C
603222,2015,C
603223,2015,G
603225,2017,C
603226,2017,C
603227,2015,C
603228,2017,C
603229,2017,C
603230,2021,R
603231,2023,C
603232,2017,I
603233,2017,F
603235,2022,C
603236,2019,C
603237,2022,C
603238,2017,C
603239,2016,C
603255,2022,C
603256,2019,C
603258,2016,I
603259,2007,M
603260,2017,C
603261,2022,C
603266,2017,C
603267,2019,C
603268,2015,C
603269,2017,C
603270,2023,C
603272,2022,C
603273,2023,C
603275,2023,C
603276,2023,C
603277,2017,C
603278,2017,C
603279,2019,C
603280,2022,C
603281,2023,C
603282,2023,C
603283,2017,C
603286,2017,C
603288,2014,C
603289,2017,C
603290,2020,C
603291,2023,D
603296,2023,C
603297,2018,C
603298,2016,C
603299,2015,C
603300,2015,L
603301,2018,C
603303,2017,C
603305,2017,C
603306,2014,C
603307,2023,C
603308,2014,C
603309,2015,C
603311,2015,C
603312,2024,C
603313,2016,C
603315,2015,C
603316,2017,E
603317,2019,C
603318,2015,C
603319,2016,C
603320,2017,C
603321,2017,C
603322,2016,I
603323,2016,J
603324,2021,C
603325,2024,C
603326,2017,C
603327,2019,C
603328,2014,C
603329,2017,G
603330,2017,C
603331,2017,C
603332,2019,C
603333,2012,C
603335,2017,C
603336,2016,C
603337,2017,C
603338,2015,C
603339,2016,C
603341,2024,C
603344,2024,C
603345,2017,C
603348,2018,C
603351,2019,C
603353,2020,F
603355,2015,C
603356,2018,C
603357,2017,M
603358,2017,C
603359,2017,E
603360,2017,C
603363,2017,C
603365,2017,C
603366,2012,C
603367,2017,C
603368,2014,F
603369,2014,C
603373,2023,L
603375,2024,C
603377,2016,G
603378,2017,C
603379,2019,C
603380,2017,C
603383,2017,I
603385,2017,C
603386,2017,C
603387,2017,C
603388,2017,E
603389,2016,C
603390,2019,C
603392,2020,C
603393,2016,D
603396,2017,C
603398,2015,C
603399,2012,C
603408,2020,C
603416,2016,C
603421,2016,I
603429,2017,C
603439,2020,C
603444,2017,I
603456,2014,C
603458,2017,M
603466,2017,R
603477,2017,C
603486,2018,C
603488,2017,C
603489,2019,C
603496,2017,C
603499,2017,C
603500,2017,C
603501,2017,C
603505,2017,B
603506,2018,K
603507,2017,C
603508,2015,I
603511,2021,C
603515,2016,C
603516,2018,C
603517,2017,C
603518,2014,C
603519,2015,C
603520,2016,C
603527,2017,C
603528,2016,C
603529,2021,C
603530,2019,C
603533,2017,I
603535,2017,G
603536,2017,C
603538,2017,C
603551,2020,C
603555,2014,C
603556,2016,C
603557,2017,C
603558,2015,C
603559,2016,I
603565,2020,G
603566,2015,C
603567,2015,C
603568,2015,N
603569,2016,L
603577,2016,C
603578,2017,C
603579,2017,C
603580,2017,C
603583,2018,C
603585,2016,C
603586,2017,C
603587,2018,C
603588,2014,N
603589,2015,C
603590,2018,C
603595,2017,C
603596,2018,C
603598,2015,L
603599,2015,C
603600,2015,C
603601,2015,C
603602,2017,I
603603,2017,N
603605,2017,C
603606,2014,C
603607,2017,C
603608,2016,C
603609,2014,C
603610,2019,C
603611,2015,C
603612,2017,C
603613,2019,I
603615,2017,C
603616,2015,C
603617,2017,C
603618,2015,C
603619,2017,B
603626,2017,C
603628,2017,C
603629,2018,C
603630,2017,C
603633,2016,C
603636,2014,I
603637,2017,M
603638,2017,C
603639,2017,C
603648,2017,L
603650,2018,C
603655,2017,C
603656,2017,C
603657,2018,C
603658,2016,C
603659,2017,C
603660,2016,C
603661,2017,C
603662,2019,C
603663,2016,C
603665,2017,C
603666,2018,C
603667,2016,C
603668,2017,C
603669,2015,C
603676,2017,C
603677,2017,C
603678,2015,C
603679,2017,C
603680,2018,C
603681,2019,C
603682,2020,L
603683,2017,C
603685,2017,C
603686,2015,C
603687,2019,C
603688,2014,C
603689,2017,D
603690,2017,C
603693,2018,D
603696,2015,C
603697,2019,C
603698,2015,M
603699,2014,C
603700,2019,C
603701,2016,C
603703,2015,C
603706,2018,D
603707,2017,C
603708,2016,F
603709,2018,C
603711,2017,C
603712,2018,C
603713,2018,G
603716,2016,F
603717,2017,E
603718,2015,C
603719,2020,F
603721,2017,R
603722,2017,C
603725,2017,C
603726,2016,C
603727,2016,B
603728,2017,C
603729,2015,L
603730,2017,C
603733,2018,C
603737,2016,C
603738,2016,C
603739,2019,C
603755,2019,C
603757,2017,C
603758,2017,C
603759,2021,D
603766,2012,C
603767,2017,C
603768,2017,C
603773,2018,C
603776,2017,M
603777,2016,F
603778,2015,E
603779,2016,C
603786,2019,C
603787,2017,C
603788,2015,C
603789,2015,C
603790,2018,C
603797,2017,N
603798,2016,C
603799,2015,C
603800,2015,C
603801,2017,C
603803,2017,C
603806,2014,C
603808,2015,C
603809,2017,C
603810,2018,C
603811,2017,C
603813,2017,G
603815,2019,E
603816,2016,C
603817,2017,D
603818,2015,C
603819,2016,C
603822,2016,C
603823,2016,C
603825,2017,I
603826,2017,C
603828,2015,E
603829,2017,C
603833,2017,C
603836,2021,L
603838,2015,C
603839,2017,C
603843,2016,E
603848,2017,C
603855,2017,C
603856,2017,C
603858,2016,C
603859,2016,M
603860,2017,M
603861,2016,C
603863,2019,C
603866,2015,C
603867,2019,C
603868,2016,C
603869,2015,N
603871,2018,G
603876,2018,C
603877,2017,C
603878,2016,C
603879,2017,C
603880,2017,C
603881,2017,I
603882,2017,Q
603883,2015,F
603885,2015,G
603886,2016,C
603887,2016,E
603888,2016,I
603889,2014,C
603890,2017,C
603893,2020,C
603895,2018,C
603896,2017,C
603897,2018,C
603898,2015,C
603899,2015,C
603900,2016,F
603901,2015,C
603903,2017,N
603906,2017,C
603908,2017,C
603909,2016,M
603912,2017,C
603915,2019,C
603916,2017,C
603917,2017,C
603918,2015,I
603919,2016,C
603920,2017,C
603922,2017,C
603926,2017,C
603927,2019,I
603928,2016,C
603929,2016,E
603931,2020,C
603933,2017,C
603936,2015,C
603937,2017,C
603938,2017,C
603939,2015,F
603948,2020,C
603949,2020,C
603950,2020,C
603955,2017,E
603956,2019,C
603958,2016,C
603959,2016,M
603960,2017,C
603963,2017,C
603966,2017,C
603967,2019,G
603968,2015,C
603969,2015,C
603970,2017,F
603976,2017,C
603977,2016,C
603978,2017,C
603979,2015,B
603980,2017,C
603982,2019,C
603983,2019,C
603985,2017,C
603986,2016,C
603987,2016,C
603988,2014,C
603989,2015,C
603990,2016,I
603991,2017,C
603992,2019,C
603993,2007,B
603995,2019,C
603996,2015,C
603997,2015,C
603998,2014,C
603999,2015,R
605001,2020,C
605003,2020,C
605005,2021,C
605006,2020,C
605007,2020,C
605008,2020,C
605009,2020,C
605011,2021,D
605016,2021,C
605018,2020,C
605020,2021,C
605028,2021,D
605033,2021,C
605050,2020,G
605055,2021,C
605056,2021,F
605058,2020,C
605060,2021,C
605066,2020,C
605068,2020,C
605069,2021,N
605077,2021,C
605080,2021,C
605081,2021,N
605086,2021,B
605088,2020,C
605089,2021,C
605090,2021,D
605098,2021,P
605099,2020,C
605100,2020,C
605108,2020,H
605111,2020,C
605116,2020,C
605117,2021,C
605118,2020,C
605122,2021,C
605123,2020,C
605128,2020,C
605133,2021,C
605136,2020,F
605138,2021,C
605151,2020,C
605155,2020,C
605158,2020,C
605162,2021,D
605166,2020,C
605167,2021,M
605168,2020,L
605169,2020,D
605177,2020,C
605178,2020,E
605179,2020,C
605180,2021,C
605183,2020,C
605186,2020,C
605188,2020,F
605189,2021,C
605196,2021,C
605198,2003,C
605199,2020,C
605208,2021,C
605218,2020,C
605222,2020,C
605228,2021,C
605255,2020,C
605258,2020,C
605259,2021,C
605266,2020,F
605268,2021,C
605277,2021,C
605286,2021,C
605287,2021,E
605288,2020,C
605289,2021,E
605296,2021,A
605298,2021,C
605299,2020,C
605300,2021,C
605303,2021,E
605305,2021,C
605318,2020,C
605319,2021,C
605333,2020,C
605336,2020,C
605337,2021,C
605338,2020,C
605339,2021,C
605358,2020,C
605365,2021,C
605366,2020,C
605368,2021,D
605369,2020,C
605376,2020,C
605377,2020,C
605378,2021,C
605388,2020,C
605389,2021,C
605398,2021,I
605399,2020,C
605488,2021,C
605499,2021,C
605500,2020,C
605507,2021,C
605555,2021,C
605566,2021,C
605567,2021,C
605577,2021,R
605580,2021,D
605588,2021,C
605589,2021,C
605598,2021,E
605599,2021,F
688001,2019,C
688002,2019,C
688003,2019,C
688004,2020,I
688005,2019,C
688006,2019,C
688007,2019,C
688008,2013,C
688009,2015,C
688010,2019,C
688011,2019,C
688012,2019,C
688013,2020,C
688015,2019,C
688016,2019,C
688017,2020,C
688018,2019,I
688019,2019,C
688020,2019,C
688021,2019,C
688022,2019,C
688023,2019,I
688025,2019,C
688026,2020,C
688027,2020,C
688028,2019,C
688029,2019,C
688030,2019,I
688031,2022,I
688032,2021,C
688033,2019,C
688035,2022,C
688036,2019,C
688037,2019,C
688038,2021,I
688039,2019,I
688041,2022,C
688045,2022,I
688046,2022,M
688047,2022,C
688048,2022,C
688049,2021,C
688050,2020,C
688051,2020,I
688052,2022,I
688053,2022,M
688055,2020,C
688056,2020,C
688057,2020,N
688058,2019,I
688059,2021,C
688060,2020,I
688061,2022,C
688062,2022,C
688063,2020,C
688065,2020,C
688066,2019,I
688067,2021,C
688068,2019,C
688069,2020,N
688070,2021,C
688071,2021,C
688072,2022,C
688073,2022,M
688075,2021,C
688076,2021,C
688077,2020,C
688078,2019,I
688079,2021,C
688080,2020,C
688081,2020,C
688082,2021,C
688083,2021,I
688084,2022,C
688085,2020,C
688086,2020,C
688087,2021,C
688088,2019,I
688089,2019,C
688090,2020,C
688091,2021,C
688092,2021,C
688093,2020,C
688095,2020,I
688096,2020,C
688097,2021,C
688098,2019,C
688099,2019,I
688100,2020,C
688101,2019,C
688102,2022,C
688103,2021,C
688105,2021,M
688106,2020,C
688107,2021,C
688108,2019,C
688109,2021,I
688110,2021,C
688111,2019,I
688112,2021,C
688113,2021,C
688114,2022,C
688115,2022,C
688116,2019,C
688117,2021,C
688118,2019,I
688119,2022,C
688120,2022,C
688121,2021,C
688122,2019,C
688123,2019,C
688125,2022,C
688126,2020,C
688127,2020,C
688128,2019,M
688129,2020,C
688130,2022,I
688131,2021,M
688132,2022,C
688133,2020,M
688135,2020,C
688136,2020,C
688137,2022,M
688138,2019,C
688139,2019,C
688141,2022,C
688143,2022,C
688146,2023,C
688147,2022,C
688148,2021,C
688150,2022,C
688151,2021,C
688152,2022,I
688153,2022,C
688155,2020,C
688156,2020,N
688157,2020,C
688158,2020,I
688159,2020,C
688160,2020,C
688161,2021,C
688162,2021,C
688163,2022,C
688165,2020,C
688166,2019,C
688167,2021,C
688168,2019,I
688169,2020,C
688170,2022,C
688171,2022,I
688172,2022,C
688173,2022,I
688175,2022,C
688176,2022,C
688177,2020,C
688178,2020,N
688179,2020,M
688180,2018,C
688181,2020,C
688182,2021,C
688183,2021,C
688184,2022,C
688185,2019,C
688186,2020,C
688187,2006,C
688188,2019,I
688189,2020,C
688190,2021,C
688191,2021,I
688192,2021,C
688193,2022,C
688195,2021,C
688196,2019,C
688197,2022,C
688198,2019,C
688199,2019,C
688200,2020,C
688201,2021,I
688202,2019,M
688203,2022,C
688205,2022,C
688206,2021,I
688207,2022,C
688208,2020,C
688209,2022,C
688210,2021,C
688211,2021,C
688212,2021,C
688213,2022,C
688215,2020,C
688216,2021,C
688217,2021,C
688218,2019,C
688219,2020,C
688220,2022,C
688221,2020,C
688222,2020,M
688223,2022,C
688225,2022,I
688226,2021,C
688227,2021,I
688228,2020,I
688229,2020,I
688230,2021,C
688231,2022,C
688232,2021,I
688233,2020,C
688234,2022,C
688235,2016,C
688236,2015,C
688237,2022,C
688238,2022,M
688239,2021,C
688244,2022,I
688246,2021,I
688247,2022,C
688248,2021,M
688249,2023,C
688251,2022,C
688252,2022,I
688253,2022,C
688255,2021,C
688256,2020,I
688257,2021,C
688258,2019,I
688259,2022,I
688260,2021,C
688261,2022,C
688262,2022,I
688265,2021,M
688266,2020,C
688267,2022,C
688268,2019,C
688269,2021,C
688270,2022,C
688271,2022,C
688272,2021,C
688273,2022,C
688275,2022,C
688276,2021,C
688277,2020,C
688278,2020,C
688279,2022,I
688280,2021,C
688281,2022,C
688282,2022,C
688283,2022,C
688285,2021,C
688286,2020,C
688287,2020,M
688288,2019,C
688289,2020,C
688290,2022,C
688291,2022,I
688292,2022,I
688293,2022,M
688295,2022,C
688296,2021,I
688297,2022,C
688298,2020,C
688299,2019,C
688300,2019,C
688301,2020,C
688302,2022,C
688303,2021,C
688305,2021,C
688306,2022,C
688307,2023,C
688308,2020,C
688309,2020,C
688310,2019,C
688311,2020,C
688312,2020,C
688313,2020,C
688314,2021,C
688315,2021,M
688316,2021,I
688317,2021,C
688318,2020,I
688319,2021,C
688320,2022,C
688321,2019,C
688322,2022,C
688323,2021,C
688325,2022,I
688326,2022,C
688327,2022,I
688328,2021,C
688329,2021,C
688330,2020,C
688331,2020,C
688332,2022,C
688333,2019,C
688334,2023,M
688335,2020,C
688336,2020,C
688337,2022,C
688338,2020,C
688339,2020,C
688343,2023,I
688345,2021,C
688347,2014,C
688348,2022,C
688349,2022,C
688350,2021,C
688351,2022,C
688352,2023,C
688353,2022,C
688355,2021,C
688356,2020,C
688357,2019,C
688358,2019,C
688359,2021,C
688360,2020,C
688361,2023,C
688362,2022,C
688363,2019,C
688365,2020,I
688366,2015,C
688367,2021,C
688368,2019,I
688369,2019,I
688370,2022,N
688371,2022,C
688372,2022,C
688373,2022,C
688375,2022,C
688376,2022,C
688377,2020,C
688378,2020,C
688379,2020,C
688380,2022,C
688381,2022,C
688382,2022,C
688383,2021,C
688385,2000,C
688386,2020,C
688387,2022,C
688388,2019,C
688389,2019,C
688390,2020,C
688391,2022,I
688392,2022,C
688393,2020,C
688395,2021,C
688396,2004,C
688398,2020,C
688399,2019,C
688400,2022,C
688401,2022,C
688403,2022,C
688408,2020,C
688409,2022,C
688410,2022,C
688416,2022,C
688418,2020,C
688419,2022,C
688420,2022,C
688425,2021,C
688426,2022,C
688428,2020,C
688429,2023,C
688432,2022,C
688433,2023,C
688435,2023,I
688439,2022,C
688443,2023,C
688448,2022,C
688450,2023,C
688455,2022,C
688456,2021,C
688458,2023,C
688459,2022,C
688466,2020,N
688468,2021,C
688469,2023,C
688472,2023,C
688475,2022,C
688478,2023,C
688479,2023,I
688480,2022,N
688484,2023,C
688485,2023,N
688486,2023,C
688488,2020,C
688489,2022,C
688496,2022,C
688498,2022,C
688499,2021,C
688500,2020,I
688501,2021,C
688502,2023,C
688503,2022,C
688505,2002,C
688506,2023,C
688507,2023,I
688508,2020,I
688509,2021,M
688510,2020,C
688511,2021,C
688512,2023,C
688513,2020,C
688515,2023,C
688516,2020,C
688517,2021,C
688518,2020,C
688519,2020,C
688520,2020,C
688521,2020,I
688522,2023,C
688523,2023,C
688525,2022,C
688526,2020,C
688528,2020,C
688529,2020,C
688531,2023,C
688533,2021,C
688535,2023,C
688536,2020,I
688538,2021,C
688539,2023,C
688543,2023,C
688545,2025,n
688548,2023,C
688549,2023,C
688550,2020,C
688551,2020,C
688552,2023,C
688553,2021,C
688555,2020,I
688556,2020,C
688557,2020,C
688558,2020,C
688559,2020,C
688560,2020,C
688561,2020,I
688562,2023,I
688563,2023,C
688565,2021,N
688566,2020,C
688567,2020,C
688568,2020,I
688569,2020,C
688570,2023,C
688571,2020,C
688573,2023,C
688575,2021,C
688576,2023,C
688577,2020,C
688578,2020,C
688579,2020,I
688580,2020,C
688581,2023,C
688582,2023,C
688584,2024,C
688585,2020,C
688586,2020,C
688588,2020,I
688589,2020,I
688590,2020,I
688591,2023,C
688592,2023,C
688593,2023,C
688595,2020,C
688596,2020,C
688597,2021,C
688598,2020,C
688599,2006,C
688600,2020,C
688601,2021,C
688602,2023,C
688603,2023,C
688606,2021,C
688607,2021,C
688608,2020,C
688609,2021,C
688610,2023,C
688611,2021,C
688612,2023,C
688613,2021,C
688616,2021,C
688617,2021,C
688618,2020,C
688619,2021,I
688620,2023,C
688621,2021,M
688622,2021,C
688623,2023,C
688625,2021,C
688626,2021,C
688627,2023,C
688628,2021,C
688629,2023,C
688630,2021,C
688631,2023,I
688633,2021,C
688636,2021,C
688638,2023,C
688639,2021,C
688646,2023,C
688648,2023,C
688651,2023,I
688652,2023,C
688653,2023,C
688655,2021,C
688656,2021,C
688657,2023,I
688658,2020,C
688659,2021,C
688660,2021,C
688661,2021,C
688662,2021,C
688663,2021,C
688665,2021,C
688667,2021,C
688668,2020,C
688669,2021,C
688670,2021,C
688671,2023,C
688676,1998,C
688677,2021,C
688678,2020,C
688679,2020,N
688680,2021,C
688681,2021,C
688682,2021,I
688683,2021,C
688685,2021,C
688686,2020,C
688687,2021,C
688689,2021,C
688690,2021,C
688693,2023,C
688696,2021,C
688697,2021,C
688698,2020,C
688699,2020,I
688700,2021,C
688701,2021,N
688702,2023,I
688707,2021,C
688709,2024,C
688711,2021,C
688716,2023,C
688717,2024,C
688718,2021,C
688719,2023,C
688720,2023,C
688721,2024,C
688722,2021,C
688728,2021,C
688733,2021,C
688737,2021,C
688739,2021,C
688766,2021,C
688767,2021,C
688768,2021,C
688772,2021,C
688776,2021,C
688777,2020,I
688778,2021,C
688779,2021,C
688786,2021,C
688787,2021,I
688788,2020,C
688789,2021,C
688793,2021,C
688798,2021,C
688799,2021,C
688800,2021,C
688819,2021,C
688981,2004,C
689009,2020,C
830779,2023,C
830799,2020,I
830809,2023,C
830832,2021,C
830839,2020,C
830879,2022,C
830896,2023,C
830946,2020,C
830964,2020,C
830974,2023,C
831010,2020,D
831039,2021,M
831087,2022,A
831152,2022,C
831167,2022,C
831175,2023,I
831195,2022,C
831278,2022,C
831304,2023,C
831305,2021,C
831370,2020,N
831396,2024,C
831445,2020,C
831526,2022,C
831627,2023,C
831641,2022,C
831689,2022,C
831726,2021,C
831768,2021,C
831832,2021,I
831834,2022,C
831855,2022,C
831856,2020,C
831906,2023,C
831961,2020,C
832000,2020,C
832023,2023,C
832089,2021,C
832110,2022,C
832145,2021,N
832149,2023,F
832171,2021,I
832175,2023,C
832225,2021,C
832278,2020,C
832317,2020,M
832419,2022,C
832469,2023,C
832471,2023,C
832491,2022,C
832522,2023,C
832566,2021,C
832651,2023,C
832662,2022,C
832735,2021,C
832786,2023,A
832802,2023,C
832876,2022,C
832885,2021,C
832978,2023,C
832982,2023,C
833030,2023,I
833075,2022,C
833171,2022,G
833230,2022,C
833266,2020,C
833284,2023,C
833346,2022,C
833394,2023,C
833427,2021,M
833429,2022,C
833454,2021,C
833455,2023,C
833509,2021,C
833523,2021,C
833533,2022,C
833575,2023,C
833580,2022,C
833751,2023,C
833781,2022,C
833819,2020,C
833873,2021,M
833874,2020,C
833914,2022,C
833943,2022,C
833994,2020,C
834014,2022,C
834021,2020,I
834033,2022,C
834058,2023,C
834062,2022,C
834261,2023,C
834407,2023,C
834415,2020,I
834475,2020,C
834599,2021,C
834639,2022,C
834682,2020,C
834765,2021,C
834770,2023,C
834950,2023,C
835174,2021,C
835179,2022,C
835184,2020,I
835185,2020,C
835207,2022,I
835237,2022,C
835305,2021,I
835368,2020,C
835438,2024,C
835508,2020,I
835579,2023,C
835640,2020,C
835670,2020,I
835857,2023,C
835892,2022,C
835985,2022,C
836077,2021,C
836149,2020,C
836208,2023,M
836221,2023,C
836239,2021,C
836247,2022,C
836260,2021,C
836263,2020,N
836270,2022,C
836395,2022,C
836414,2022,C
836419,2023,C
836422,2023,C
836433,2020,C
836504,2023,C
836547,2023,C
836675,2020,C
836699,2023,C
836717,2023,C
836720,2021,C
836807,2022,C
836826,2021,C
836871,2022,C
836892,2021,M
836942,2022,C
836957,2022,C
836961,2023,C
837006,2023,C
837023,2024,C
837046,2022,C
837092,2021,I
837174,2023,C
837212,2021,C
837242,2020,L
837344,2021,C
837403,2024,A
837592,2023,I
837663,2023,C
837748,2023,I
837821,2022,C
838030,2020,F
838163,2020,C
838171,2022,C
838227,2022,I
838262,2022,C
838275,2021,C
838402,2022,C
838670,2022,C
838701,2023,C
838810,2022,C
838837,2023,C
838924,2021,I
838971,2022,C
839167,2020,C
839273,2023,C
839371,2023,C
839493,2023,I
839680,2021,I
839719,2023,C
839725,2022,C
839729,2020,C
839790,2022,I
839792,2023,C
839946,2021,C
870199,2022,C
870204,2022,C
870299,2022,C
870357,2022,C
870436,2021,C
870508,2022,C
870656,2024,C
870726,2023,C
870866,2022,C
870976,2023,C
871245,2022,C
871263,2023,C
871396,2020,C
871478,2023,C
871553,2021,C
871634,2022,C
871642,2021,C
871694,2023,C
871753,2022,M
871857,2022,C
871970,2022,C
871981,2021,C
872190,2022,C
872351,2022,G
872374,2022,C
872392,2022,C
872541,2023,C
872808,2022,C
872895,2023,C
872925,2021,C
872931,2024,C
872953,2023,I
873001,2022,C
873122,2022,M
873132,2023,C
873152,2023,C
873167,2023,C
873169,2022,C
873223,2022,C
873305,2022,C
873339,2022,C
873527,2022,C
873570,2023,C
873576,2023,C
873593,2023,C
873665,2023,C
873679,2023,C
873690,2024,C
873693,2023,C
873703,2023,C
873706,2024,C
873726,2023,C
873806,2024,I
873833,2023,C
