code,listing_year
1.0,1991
2.0,1991
3.0,1991
4.0,1991
5.0,1990
6.0,1992
7.0,1992
8.0,1992
9.0,1991
10.0,1995
11.0,1992
12.0,1992
13.0,1992
14.0,1992
15.0,1992
16.0,1992
17.0,1992
18.0,1992
19.0,1992
20.0,1992
21.0,1994
22.0,1993
23.0,1993
24.0,1993
25.0,1993
26.0,1993
27.0,1993
28.0,1993
29.0,1993
30.0,1993
31.0,1993
32.0,1993
33.0,1994
34.0,1994
35.0,1994
36.0,1994
37.0,1994
38.0,1994
39.0,1994
40.0,1994
42.0,1994
43.0,1994
45.0,1994
46.0,1994
47.0,1994
48.0,1994
49.0,1995
50.0,1995
55.0,1995
56.0,1995
58.0,1996
59.0,1997
60.0,1997
61.0,1997
62.0,1997
63.0,1997
65.0,1998
66.0,1997
68.0,1997
69.0,1997
70.0,2000
78.0,1998
88.0,1997
89.0,1998
90.0,1999
96.0,2000
99.0,2000
100.0,2004
150.0,2000
151.0,2000
153.0,2000
155.0,2000
156.0,2000
157.0,2000
158.0,2000
159.0,2000
166.0,2015
301.0,2000
333.0,2013
338.0,2004
400.0,1997
401.0,1996
402.0,1996
403.0,1996
404.0,1996
405.0,1996
406.0,1996
407.0,1996
408.0,1996
409.0,1996
410.0,1996
411.0,1996
412.0,1996
413.0,1996
415.0,1996
416.0,1996
417.0,1996
418.0,1996
419.0,1996
420.0,1996
421.0,1996
422.0,1996
423.0,1996
425.0,1996
426.0,1996
428.0,1996
429.0,1996
430.0,1996
488.0,1997
498.0,1997
501.0,1992
502.0,1992
503.0,1992
504.0,1992
505.0,1992
506.0,1993
507.0,1993
509.0,1993
510.0,1993
511.0,1993
513.0,1993
514.0,1993
515.0,1993
516.0,1993
517.0,1993
518.0,1993
519.0,1993
520.0,1993
521.0,1993
522.0,1993
523.0,1993
524.0,1993
525.0,1993
526.0,1993
527.0,1993
528.0,1993
529.0,1993
530.0,1993
531.0,1994
532.0,1994
533.0,1994
534.0,1994
535.0,1993
536.0,1993
537.0,1993
538.0,1993
539.0,1993
540.0,1994
541.0,1993
542.0,1993
543.0,1993
544.0,1993
545.0,1993
546.0,1993
547.0,1993
548.0,1993
549.0,1993
550.0,1993
551.0,1994
552.0,1994
553.0,1993
554.0,1993
555.0,1994
556.0,1994
557.0,1994
558.0,1994
559.0,1994
560.0,1994
561.0,1994
562.0,1994
563.0,1994
564.0,1994
565.0,1994
566.0,1994
567.0,1994
568.0,1994
569.0,1994
570.0,1994
571.0,1994
572.0,1994
573.0,1994
576.0,1994
578.0,1995
581.0,1995
582.0,1995
583.0,1995
584.0,1995
585.0,1995
586.0,1995
587.0,1996
588.0,1996
589.0,1996
590.0,1996
591.0,1996
592.0,1996
593.0,1996
594.0,1996
595.0,1996
596.0,1996
597.0,1996
598.0,1996
599.0,1996
600.0,1996
601.0,1996
602.0,1996
603.0,1996
605.0,1996
606.0,1996
607.0,1996
608.0,1996
609.0,1996
610.0,1996
611.0,1996
612.0,1996
613.0,1996
615.0,1996
616.0,1996
617.0,1996
618.0,1995
619.0,1996
620.0,1996
621.0,1996
622.0,1996
623.0,1996
625.0,1996
626.0,1996
627.0,1996
628.0,1996
629.0,1996
630.0,1996
631.0,1996
632.0,1996
633.0,1996
635.0,1996
636.0,1996
637.0,1996
638.0,1996
639.0,1996
650.0,1996
651.0,1996
652.0,1996
653.0,1996
655.0,1996
656.0,1996
657.0,1996
658.0,1996
659.0,1996
660.0,1996
661.0,1996
662.0,1996
663.0,1996
665.0,1996
666.0,1996
667.0,1996
668.0,1996
669.0,1996
670.0,1996
671.0,1996
672.0,1996
673.0,1997
675.0,1996
676.0,1996
677.0,1996
678.0,1997
679.0,1997
680.0,1997
681.0,1997
682.0,1997
683.0,1997
685.0,1997
686.0,1997
687.0,1997
688.0,1997
689.0,1996
690.0,1997
691.0,1997
692.0,1997
693.0,1997
695.0,1997
697.0,1997
698.0,1997
699.0,1997
700.0,1997
701.0,1997
702.0,1997
703.0,1997
705.0,1997
707.0,1997
708.0,1997
709.0,1997
710.0,1997
711.0,1997
712.0,1997
713.0,1997
715.0,1997
716.0,1997
717.0,1997
718.0,1997
719.0,1997
720.0,1997
721.0,1997
722.0,1997
723.0,1997
725.0,1997
726.0,1997
727.0,1997
728.0,1997
729.0,1997
730.0,1997
731.0,1997
732.0,1997
733.0,1997
735.0,1997
736.0,1997
737.0,1997
738.0,1997
739.0,1997
748.0,1997
750.0,1997
751.0,1997
752.0,1997
753.0,1997
755.0,1997
756.0,1996
757.0,1997
758.0,1997
759.0,1997
760.0,1997
761.0,1997
762.0,1997
763.0,1997
765.0,1997
766.0,1997
767.0,1997
768.0,1997
769.0,1997
776.0,1997
777.0,1997
778.0,1997
779.0,1997
780.0,1997
782.0,1997
783.0,1997
785.0,1997
786.0,1997
787.0,1997
788.0,1997
789.0,1997
790.0,1998
791.0,1997
792.0,1997
793.0,1997
795.0,1997
796.0,1997
797.0,1997
798.0,1998
799.0,1997
800.0,1997
801.0,1998
802.0,1998
803.0,1998
805.0,1998
806.0,1998
807.0,1998
809.0,1998
810.0,1998
811.0,1998
812.0,1998
813.0,1998
815.0,1998
816.0,1997
817.0,1998
818.0,1997
819.0,1997
820.0,1998
821.0,1998
822.0,1998
823.0,1997
825.0,1998
826.0,1998
827.0,1998
828.0,1997
829.0,1997
830.0,1998
831.0,1998
832.0,1998
833.0,1998
835.0,1999
836.0,1997
837.0,1998
838.0,1997
839.0,1997
848.0,1997
850.0,1998
851.0,1998
852.0,1998
856.0,1998
858.0,1998
859.0,1998
860.0,1998
861.0,1998
862.0,1998
863.0,1997
866.0,1998
868.0,1997
869.0,1997
875.0,2002
876.0,1998
877.0,1999
878.0,1998
880.0,1998
881.0,1998
882.0,1998
883.0,1998
885.0,1999
886.0,1998
887.0,1998
888.0,1997
889.0,1997
890.0,1999
892.0,1999
893.0,1998
895.0,1998
897.0,1999
898.0,1997
899.0,1997
900.0,1999
901.0,1999
902.0,1999
903.0,1999
905.0,1999
906.0,1999
908.0,1999
909.0,1999
910.0,1999
911.0,1999
912.0,1999
913.0,1999
915.0,1999
916.0,1999
917.0,1999
918.0,1999
919.0,1999
920.0,1999
921.0,1996
922.0,1999
923.0,1999
925.0,1999
926.0,1999
927.0,1999
928.0,1999
929.0,1999
930.0,1999
931.0,1999
932.0,1999
933.0,1999
935.0,1999
936.0,1999
937.0,1999
938.0,1999
939.0,1999
948.0,1999
949.0,1999
950.0,1999
951.0,1999
952.0,1999
953.0,1999
955.0,1999
956.0,1999
957.0,2000
958.0,1999
959.0,1999
960.0,2000
961.0,2000
962.0,2000
963.0,2000
965.0,2000
966.0,2000
967.0,2000
968.0,2000
969.0,2000
970.0,2000
971.0,2000
972.0,2000
973.0,2000
975.0,2000
976.0,2000
977.0,2000
978.0,2000
979.0,2000
980.0,2000
981.0,2000
982.0,2000
983.0,2000
985.0,2000
987.0,2000
988.0,2000
989.0,2000
990.0,2000
993.0,2000
995.0,2000
996.0,2000
997.0,2000
998.0,2000
999.0,2000
1201.0,2021
1202.0,2021
1203.0,2021
1205.0,2021
1206.0,2021
1207.0,2021
1208.0,2021
1209.0,2021
1210.0,2021
1211.0,2021
1212.0,2021
1213.0,2021
1215.0,2021
1216.0,2021
1217.0,2021
1218.0,2021
1219.0,2021
1222.0,2022
1223.0,2022
1225.0,2023
1226.0,2022
1227.0,2022
1228.0,2022
1229.0,2022
1230.0,2022
1231.0,2022
1234.0,2022
1236.0,2015
1238.0,2022
1239.0,2023
1255.0,2022
1256.0,2022
1258.0,2022
1259.0,2022
1260.0,2023
1266.0,2022
1267.0,2021
1268.0,2022
1269.0,2022
1270.0,2022
1277.0,2024
1278.0,2023
1282.0,2023
1283.0,2022
1286.0,2023
1287.0,2023
1288.0,2021
1289.0,2009
1296.0,2021
1298.0,2022
1299.0,2022
1300.0,2022
1301.0,2022
1306.0,2023
1308.0,2022
1309.0,2022
1311.0,2023
1313.0,2022
1314.0,2023
1316.0,2022
1317.0,2021
1318.0,2022
1319.0,2022
1322.0,2022
1323.0,2022
1324.0,2023
1326.0,2023
1328.0,2023
1330.0,2022
1331.0,2022
1332.0,2022
1333.0,2022
1336.0,2022
1337.0,2023
1338.0,2022
1339.0,2022
1358.0,2023
1359.0,2024
1360.0,2023
1366.0,2023
1367.0,2023
1368.0,2023
1373.0,2023
1376.0,2023
1378.0,2023
1379.0,2024
1380.0,2023
1387.0,2024
1389.0,2024
1391.0,2024
1696.0,1997
1872.0,1993
1896.0,1998
1914.0,1994
1965.0,2017
1979.0,2015
2001.0,2004
2002.0,2004
2003.0,2004
2004.0,2004
2005.0,2004
2006.0,2004
2007.0,2004
2008.0,2004
2009.0,2004
2010.0,2004
2011.0,2004
2012.0,2004
2013.0,2004
2014.0,2004
2015.0,2004
2016.0,2004
2017.0,2004
2018.0,2004
2019.0,2004
2020.0,2004
2021.0,2004
2022.0,2004
2023.0,2004
2024.0,2004
2025.0,2004
2026.0,2004
2027.0,2004
2028.0,2004
2029.0,2004
2030.0,2004
2031.0,2004
2032.0,2004
2033.0,2004
2034.0,2004
2035.0,2004
2036.0,2004
2037.0,2004
2038.0,2004
2039.0,2005
2040.0,2005
2041.0,2005
2042.0,2005
2043.0,2005
2044.0,2005
2045.0,2005
2046.0,2005
2047.0,2005
2048.0,2005
2049.0,2005
2050.0,2005
2051.0,2006
2052.0,2006
2053.0,2006
2054.0,2006
2055.0,2006
2056.0,2006
2057.0,2006
2058.0,2006
2059.0,2006
2060.0,2006
2061.0,2006
2062.0,2006
2063.0,2006
2064.0,2006
2065.0,2006
2066.0,2006
2067.0,2006
2068.0,2006
2069.0,2006
2070.0,2006
2071.0,2006
2072.0,2006
2073.0,2006
2074.0,2006
2075.0,2006
2076.0,2006
2077.0,2006
2078.0,2006
2079.0,2006
2080.0,2006
2081.0,2006
2082.0,2006
2083.0,2006
2084.0,2006
2085.0,2006
2086.0,2006
2087.0,2006
2088.0,2006
2089.0,2006
2090.0,2006
2091.0,2006
2092.0,2006
2093.0,2006
2094.0,2006
2095.0,2006
2096.0,2006
2097.0,2006
2098.0,2006
2099.0,2006
2100.0,2006
2101.0,2006
2102.0,2006
2103.0,2007
2104.0,2007
2105.0,2007
2106.0,2007
2107.0,2007
2108.0,2007
2109.0,2007
2110.0,2007
2111.0,2007
2112.0,2007
2113.0,2007
2114.0,2007
2115.0,2007
2116.0,2007
2117.0,2007
2118.0,2007
2119.0,2007
2120.0,2007
2121.0,2007
2122.0,2007
2123.0,2007
2124.0,2007
2125.0,2007
2126.0,2007
2127.0,2007
2128.0,2007
2129.0,2007
2130.0,2007
2131.0,2007
2132.0,2007
2133.0,2007
2134.0,2007
2135.0,2007
2136.0,2007
2137.0,2007
2138.0,2007
2139.0,2007
2140.0,2007
2141.0,2007
2142.0,2007
2143.0,2007
2144.0,2007
2145.0,2007
2146.0,2007
2147.0,2007
2148.0,2007
2149.0,2007
2150.0,2007
2151.0,2007
2152.0,2007
2153.0,2007
2154.0,2007
2155.0,2007
2156.0,2007
2157.0,2007
2158.0,2007
2159.0,2007
2160.0,2007
2161.0,2007
2162.0,2007
2163.0,2007
2164.0,2007
2165.0,2007
2166.0,2007
2167.0,2007
2168.0,2007
2169.0,2007
2170.0,2007
2171.0,2007
2172.0,2007
2173.0,2007
2174.0,2007
2175.0,2007
2176.0,2007
2177.0,2007
2178.0,2007
2179.0,2007
2180.0,2007
2181.0,2007
2182.0,2007
2183.0,2007
2184.0,2007
2185.0,2007
2186.0,2007
2187.0,2007
2188.0,2007
2189.0,2007
2190.0,2007
2191.0,2007
2192.0,2007
2193.0,2007
2194.0,2007
2195.0,2007
2196.0,2007
2197.0,2007
2198.0,2007
2199.0,2007
2200.0,2007
2201.0,2007
2202.0,2007
2203.0,2008
2204.0,2008
2205.0,2008
2206.0,2008
2207.0,2008
2208.0,2008
2209.0,2008
2210.0,2008
2211.0,2008
2212.0,2008
2213.0,2008
2214.0,2008
2215.0,2008
2216.0,2008
2217.0,2008
2218.0,2008
2219.0,2008
2220.0,2008
2221.0,2008
2222.0,2008
2223.0,2008
2224.0,2008
2225.0,2008
2226.0,2008
2227.0,2008
2228.0,2008
2229.0,2008
2230.0,2008
2231.0,2008
2232.0,2008
2233.0,2008
2234.0,2008
2235.0,2008
2236.0,2008
2237.0,2008
2238.0,2008
2239.0,2008
2240.0,2008
2241.0,2008
2242.0,2008
2243.0,2008
2244.0,2008
2245.0,2008
2246.0,2008
2247.0,2008
2248.0,2008
2249.0,2008
2250.0,2008
2251.0,2008
2252.0,2008
2253.0,2008
2254.0,2008
2255.0,2008
2256.0,2008
2258.0,2008
2259.0,2008
2260.0,2008
2261.0,2008
2262.0,2008
2263.0,2008
2264.0,2008
2265.0,2008
2266.0,2008
2267.0,2008
2268.0,2008
2269.0,2008
2270.0,2008
2271.0,2008
2272.0,2008
2273.0,2008
2274.0,2008
2275.0,2009
2276.0,2009
2277.0,2009
2278.0,2009
2279.0,2009
2280.0,2009
2281.0,2009
2282.0,2009
2283.0,2009
2284.0,2009
2285.0,2009
2286.0,2009
2287.0,2009
2288.0,2009
2289.0,2009
2290.0,2009
2291.0,2009
2292.0,2009
2293.0,2009
2294.0,2009
2295.0,2009
2296.0,2009
2297.0,2009
2298.0,2009
2299.0,2009
2300.0,2009
2301.0,2009
2302.0,2009
2303.0,2009
2304.0,2009
2305.0,2009
2306.0,2009
2307.0,2009
2308.0,2009
2309.0,2009
2310.0,2009
2311.0,2009
2312.0,2009
2313.0,2009
2314.0,2009
2315.0,2009
2316.0,2009
2317.0,2009
2318.0,2009
2319.0,2009
2320.0,2009
2321.0,2009
2322.0,2009
2323.0,2009
2324.0,2009
2325.0,2009
2326.0,2009
2327.0,2009
2328.0,2009
2329.0,2010
2330.0,2010
2331.0,2010
2332.0,2010
2333.0,2010
2334.0,2010
2335.0,2010
2336.0,2010
2337.0,2010
2338.0,2010
2339.0,2010
2340.0,2010
2341.0,2010
2342.0,2010
2343.0,2010
2344.0,2010
2345.0,2010
2346.0,2010
2347.0,2010
2348.0,2010
2349.0,2010
2350.0,2010
2351.0,2010
2352.0,2010
2353.0,2010
2354.0,2010
2355.0,2010
2356.0,2010
2357.0,2010
2358.0,2010
2359.0,2010
2360.0,2010
2361.0,2010
2362.0,2010
2363.0,2010
2364.0,2010
2365.0,2010
2366.0,2010
2367.0,2010
2368.0,2010
2369.0,2010
2370.0,2010
2371.0,2010
2372.0,2010
2373.0,2010
2374.0,2010
2375.0,2010
2376.0,2010
2377.0,2010
2378.0,2010
2379.0,2010
2380.0,2010
2381.0,2010
2382.0,2010
2383.0,2010
2384.0,2010
2385.0,2010
2386.0,2010
2387.0,2010
2388.0,2010
2389.0,2010
2390.0,2010
2391.0,2010
2392.0,2010
2393.0,2010
2394.0,2010
2395.0,2010
2396.0,2010
2397.0,2010
2398.0,2010
2399.0,2010
2400.0,2010
2401.0,2010
2402.0,2010
2403.0,2010
2404.0,2010
2405.0,2010
2406.0,2010
2407.0,2010
2408.0,2010
2409.0,2010
2410.0,2010
2411.0,2010
2412.0,2010
2413.0,2010
2414.0,2010
2415.0,2010
2416.0,2010
2417.0,2010
2418.0,2010
2419.0,2010
2420.0,2010
2421.0,2010
2422.0,2010
2423.0,2010
2424.0,2010
2425.0,2010
2426.0,2010
2427.0,2010
2428.0,2010
2429.0,2010
2430.0,2010
2431.0,2010
2432.0,2010
2433.0,2010
2434.0,2010
2435.0,2010
2436.0,2010
2437.0,2010
2438.0,2010
2439.0,2010
2440.0,2010
2441.0,2010
2442.0,2010
2443.0,2010
2444.0,2010
2445.0,2010
2446.0,2010
2447.0,2010
2448.0,2010
2449.0,2010
2450.0,2010
2451.0,2010
2452.0,2010
2453.0,2010
2454.0,2010
2455.0,2010
2456.0,2010
2457.0,2010
2458.0,2010
2459.0,2010
2460.0,2010
2461.0,2010
2462.0,2010
2463.0,2010
2464.0,2010
2465.0,2010
2466.0,2010
2467.0,2010
2468.0,2010
2469.0,2010
2470.0,2010
2471.0,2010
2472.0,2010
2473.0,2010
2474.0,2010
2475.0,2010
2476.0,2010
2477.0,2010
2478.0,2010
2479.0,2010
2480.0,2010
2481.0,2010
2482.0,2010
2483.0,2010
2484.0,2010
2485.0,2010
2486.0,2010
2487.0,2010
2488.0,2010
2489.0,2010
2490.0,2004
2491.0,2010
2492.0,2010
2493.0,2010
2494.0,2010
2495.0,2010
2496.0,2010
2497.0,2010
2498.0,2010
2499.0,2010
2500.0,2010
2501.0,2010
2502.0,2010
2503.0,2010
2504.0,2010
2505.0,2010
2506.0,2010
2507.0,2010
2508.0,2010
2509.0,2010
2510.0,2010
2511.0,2010
2512.0,2010
2513.0,2010
2514.0,2010
2515.0,2010
2516.0,2010
2517.0,2010
2518.0,2010
2519.0,2010
2520.0,2010
2521.0,2010
2522.0,2010
2523.0,2010
2524.0,2010
2526.0,2010
2527.0,2010
2528.0,2010
2529.0,2010
2530.0,2010
2531.0,2010
2532.0,2010
2533.0,2010
2534.0,2011
2535.0,2011
2536.0,2011
2537.0,2011
2538.0,2011
2539.0,2011
2540.0,2011
2541.0,2011
2542.0,2011
2543.0,2011
2544.0,2011
2545.0,2011
2546.0,2011
2547.0,2011
2548.0,2011
2549.0,2011
2550.0,2011
2551.0,2011
2552.0,2011
2553.0,2011
2554.0,2011
2555.0,2011
2556.0,2011
2557.0,2011
2558.0,2011
2559.0,2011
2560.0,2011
2561.0,2011
2562.0,2011
2563.0,2011
2564.0,2011
2565.0,2011
2566.0,2011
2567.0,2011
2568.0,2011
2569.0,2011
2570.0,2011
2571.0,2011
2572.0,2011
2573.0,2011
2574.0,2011
2575.0,2011
2576.0,2011
2577.0,2011
2578.0,2011
2579.0,2011
2580.0,2011
2581.0,2011
2582.0,2011
2583.0,2011
2584.0,2011
2585.0,2011
2586.0,2011
2587.0,2011
2588.0,2011
2589.0,2011
2590.0,2011
2591.0,2011
2592.0,2011
2593.0,2011
2594.0,2002
2595.0,2011
2596.0,2011
2597.0,2011
2598.0,2011
2599.0,2011
2600.0,2011
2601.0,2011
2602.0,2011
2603.0,2011
2604.0,2011
2605.0,2011
2606.0,2011
2607.0,2011
2608.0,2011
2609.0,2011
2610.0,2011
2611.0,2011
2612.0,2011
2613.0,2011
2614.0,2011
2615.0,2011
2616.0,2011
2617.0,2011
2618.0,2011
2619.0,2011
2620.0,2011
2621.0,2011
2622.0,2011
2623.0,2011
2624.0,2011
2625.0,2011
2626.0,2011
2627.0,2011
2628.0,2011
2629.0,2011
2630.0,2011
2631.0,2011
2632.0,2011
2633.0,2011
2634.0,2011
2635.0,2011
2636.0,2011
2637.0,2011
2638.0,2011
2639.0,2011
2640.0,2011
2641.0,2011
2642.0,2011
2643.0,2011
2644.0,2011
2645.0,2011
2646.0,2011
2647.0,2011
2648.0,2011
2649.0,2012
2650.0,2012
2651.0,2012
2652.0,2012
2653.0,2012
2654.0,2012
2655.0,2012
2656.0,2012
2657.0,2012
2658.0,2012
2659.0,2012
2660.0,2012
2661.0,2012
2662.0,2012
2663.0,2012
2664.0,2012
2665.0,2012
2666.0,2012
2667.0,2012
2668.0,2012
2669.0,2012
2670.0,2012
2671.0,2012
2672.0,2003
2673.0,2012
2674.0,2012
2675.0,2012
2676.0,2012
2677.0,2012
2678.0,2012
2679.0,2012
2680.0,2012
2681.0,2012
2682.0,2012
2683.0,2012
2684.0,2012
2685.0,2012
2686.0,2012
2687.0,2012
2688.0,2012
2689.0,2012
2690.0,2012
2691.0,2012
2692.0,2012
2693.0,2012
2694.0,2012
2695.0,2012
2696.0,2012
2697.0,2012
2698.0,2012
2699.0,2012
2700.0,2012
2701.0,2012
2702.0,2012
2703.0,2006
2705.0,2014
2706.0,2014
2707.0,2014
2708.0,2014
2709.0,2014
2711.0,2014
2712.0,2014
2713.0,2014
2714.0,2014
2715.0,2014
2716.0,2014
2717.0,2014
2718.0,2014
2719.0,2014
2721.0,2014
2722.0,2014
2723.0,2014
2724.0,2014
2725.0,2014
2726.0,2014
2727.0,2014
2728.0,2014
2729.0,2014
2730.0,2014
2731.0,2014
2732.0,2014
2733.0,2014
2734.0,2015
2735.0,2014
2736.0,2014
2737.0,2014
2738.0,2014
2739.0,2015
2740.0,2015
2741.0,2015
2742.0,2015
2743.0,2015
2745.0,2015
2746.0,2015
2747.0,2015
2748.0,2015
2749.0,2015
2750.0,2015
2751.0,2015
2752.0,2015
2753.0,2015
2755.0,2015
2756.0,2015
2757.0,2015
2758.0,2015
2759.0,2015
2760.0,2015
2761.0,2015
2762.0,2015
2763.0,2015
2765.0,2015
2766.0,2015
2767.0,2015
2768.0,2015
2769.0,2015
2770.0,2015
2771.0,2015
2772.0,2015
2773.0,2015
2774.0,2017
2775.0,2015
2776.0,2015
2777.0,2015
2778.0,2016
2779.0,2015
2780.0,2015
2781.0,2015
2782.0,2015
2783.0,2015
2785.0,2015
2786.0,2015
2787.0,2015
2788.0,2016
2789.0,2016
2790.0,2016
2791.0,2016
2792.0,2016
2793.0,2016
2795.0,2016
2796.0,2016
2797.0,2016
2798.0,2016
2799.0,2016
2800.0,2016
2801.0,2016
2802.0,2016
2803.0,2016
2805.0,2016
2806.0,2016
2807.0,2016
2808.0,2016
2809.0,2016
2810.0,2016
2811.0,2016
2812.0,2016
2813.0,2016
2815.0,2016
2816.0,2016
2817.0,2016
2818.0,2016
2819.0,2016
2820.0,2016
2821.0,2016
2822.0,2016
2823.0,2016
2824.0,2017
2825.0,2016
2826.0,2016
2827.0,2016
2828.0,2016
2829.0,2016
2830.0,2016
2831.0,2016
2832.0,2016
2833.0,2016
2835.0,2016
2836.0,2016
2837.0,2016
2838.0,2017
2839.0,2017
2840.0,2017
2841.0,2017
2842.0,2017
2843.0,2017
2845.0,2017
2846.0,2017
2847.0,2017
2848.0,2017
2849.0,2017
2850.0,2017
2851.0,2017
2852.0,2017
2853.0,2017
2855.0,2017
2856.0,2017
2857.0,2017
2858.0,2017
2859.0,2017
2860.0,2017
2861.0,2017
2862.0,2017
2863.0,2017
2864.0,2017
2865.0,2017
2866.0,2017
2867.0,2017
2868.0,2017
2869.0,2017
2870.0,2017
2871.0,2017
2872.0,2017
2873.0,2017
2875.0,2017
2876.0,2017
2877.0,2017
2878.0,2017
2879.0,2017
2880.0,2017
2881.0,2017
2882.0,2017
2883.0,2017
2884.0,2017
2885.0,2017
2886.0,2017
2887.0,2017
2888.0,2017
2889.0,2017
2890.0,2017
2891.0,2017
2892.0,2017
2893.0,2017
2895.0,2017
2896.0,2017
2897.0,2017
2898.0,2017
2899.0,2017
2900.0,2017
2901.0,2017
2902.0,2017
2903.0,2017
2905.0,2017
2906.0,2017
2907.0,2017
2908.0,2017
2909.0,2017
2910.0,2015
2911.0,2017
2912.0,2017
2913.0,2017
2915.0,2017
2916.0,2017
2917.0,2017
2918.0,2017
2919.0,2017
2920.0,2017
2921.0,2017
2922.0,2017
2923.0,2018
2925.0,2018
2926.0,2018
2927.0,2018
2928.0,2018
2929.0,2018
2930.0,2018
2931.0,2018
2932.0,2018
2933.0,2018
2935.0,2018
2936.0,2015
2937.0,2018
2938.0,2018
2939.0,2018
2940.0,2018
2941.0,2018
2942.0,2018
2943.0,2018
2945.0,2019
2946.0,2019
2947.0,2019
2948.0,2015
2949.0,2019
2950.0,2019
2951.0,2019
2952.0,2019
2953.0,2019
2955.0,2019
2956.0,2019
2957.0,2019
2958.0,2019
2959.0,2019
2960.0,2019
2961.0,2019
2962.0,2019
2963.0,2019
2965.0,2019
2966.0,2019
2967.0,2019
2968.0,2019
2969.0,2019
2970.0,2019
2971.0,2020
2972.0,2019
2973.0,2020
2975.0,2020
2976.0,2020
2977.0,2020
2978.0,2020
2979.0,2020
2980.0,2020
2981.0,2020
2982.0,2020
2983.0,2020
2984.0,2020
2985.0,2020
2986.0,2020
2987.0,2020
2988.0,2020
2989.0,2020
2990.0,2020
2991.0,2020
2992.0,2020
2993.0,2020
2995.0,2020
2996.0,2020
2997.0,2020
2998.0,2020
2999.0,2020
3000.0,2020
3001.0,2020
3002.0,2020
3003.0,2020
3004.0,2020
3005.0,2020
3006.0,2020
3007.0,2020
3008.0,2020
3009.0,2020
3010.0,2020
3011.0,2020
3012.0,2013
3013.0,2020
3015.0,2020
3016.0,2020
3017.0,2020
3018.0,2020
3019.0,2020
3020.0,2020
3021.0,2020
3022.0,2020
3023.0,2020
3025.0,2020
3026.0,2020
3027.0,2020
3028.0,2020
3029.0,2020
3030.0,2021
3031.0,2021
3032.0,2021
3033.0,2021
3035.0,2021
3036.0,2021
3037.0,2021
3038.0,2021
3039.0,2021
3040.0,2021
3041.0,2021
3042.0,2021
3043.0,2021
3816.0,2014
300001.0,2009
300002.0,2009
300003.0,2009
300004.0,2009
300005.0,2009
300006.0,2009
300007.0,2009
300008.0,2009
300009.0,2009
300010.0,2009
300011.0,2009
300012.0,2009
300013.0,2009
300014.0,2009
300015.0,2009
300016.0,2009
300017.0,2009
300018.0,2009
300019.0,2009
300020.0,2009
300021.0,2009
300022.0,2009
300023.0,2009
300024.0,2009
300025.0,2009
300026.0,2009
300027.0,2009
300028.0,2009
300029.0,2009
300030.0,2009
300031.0,2009
300032.0,2009
300033.0,2009
300034.0,2009
300035.0,2009
300036.0,2009
300037.0,2010
300038.0,2010
300039.0,2010
300040.0,2010
300041.0,2010
300042.0,2010
300043.0,2010
300044.0,2010
300045.0,2010
300046.0,2010
300047.0,2010
300048.0,2010
300049.0,2010
300050.0,2010
300051.0,2010
300052.0,2010
300053.0,2010
300054.0,2010
300055.0,2010
300056.0,2010
300057.0,2010
300058.0,2010
300059.0,2010
300061.0,2010
300062.0,2010
300063.0,2010
300064.0,2010
300065.0,2010
300066.0,2010
300067.0,2010
300068.0,2010
300069.0,2010
300070.0,2010
300071.0,2010
300072.0,2010
300073.0,2010
300074.0,2010
300075.0,2010
300076.0,2010
300077.0,2010
300078.0,2010
300079.0,2010
300080.0,2010
300081.0,2010
300082.0,2010
300083.0,2010
300084.0,2010
300085.0,2010
300086.0,2010
300087.0,2010
300088.0,2010
300089.0,2010
300090.0,2010
300091.0,2010
300092.0,2010
300093.0,2010
300094.0,2010
300095.0,2010
300096.0,2010
300097.0,2010
300098.0,2010
300099.0,2010
300100.0,2010
300101.0,2010
300102.0,2010
300103.0,2010
300104.0,2010
300105.0,2010
300106.0,2010
300107.0,2010
300108.0,2010
300109.0,2010
300110.0,2010
300111.0,2010
300112.0,2010
300113.0,2010
300114.0,2010
300115.0,2010
300116.0,2010
300117.0,2010
300118.0,2010
300119.0,2010
300120.0,2010
300121.0,2010
300122.0,2010
300123.0,2010
300124.0,2010
300125.0,2010
300126.0,2010
300127.0,2010
300128.0,2010
300129.0,2010
300130.0,2010
300131.0,2010
300132.0,2010
300133.0,2010
300134.0,2010
300135.0,2010
300136.0,2010
300137.0,2010
300138.0,2010
300139.0,2010
300140.0,2010
300141.0,2010
300142.0,2010
300143.0,2010
300144.0,2010
300145.0,2010
300146.0,2010
300147.0,2010
300148.0,2010
300149.0,2010
300150.0,2010
300151.0,2010
300152.0,2010
300153.0,2010
300154.0,2010
300155.0,2011
300156.0,2011
300157.0,2011
300158.0,2011
300159.0,2011
300160.0,2011
300161.0,2011
300162.0,2011
300163.0,2011
300164.0,2011
300165.0,2011
300166.0,2011
300167.0,2011
300168.0,2011
300169.0,2011
300170.0,2011
300171.0,2011
300172.0,2011
300173.0,2011
300174.0,2011
300175.0,2011
300176.0,2011
300177.0,2011
300178.0,2011
300179.0,2011
300180.0,2011
300181.0,2011
300182.0,2011
300183.0,2011
300184.0,2011
300185.0,2011
300186.0,2011
300187.0,2011
300188.0,2011
300189.0,2011
300190.0,2011
300191.0,2011
300192.0,2011
300193.0,2011
300194.0,2011
300195.0,2011
300196.0,2011
300197.0,2011
300198.0,2011
300199.0,2011
300200.0,2011
300201.0,2011
300202.0,2011
300203.0,2011
300204.0,2011
300205.0,2011
300206.0,2011
300207.0,2011
300208.0,2011
300209.0,2011
300210.0,2011
300211.0,2011
300212.0,2011
300213.0,2011
300214.0,2011
300215.0,2011
300216.0,2011
300217.0,2011
300218.0,2011
300219.0,2011
300220.0,2011
300221.0,2011
300222.0,2011
300223.0,2011
300224.0,2011
300225.0,2011
300226.0,2011
300227.0,2011
300228.0,2011
300229.0,2011
300230.0,2011
300231.0,2011
300232.0,2011
300233.0,2011
300234.0,2011
300235.0,2011
300236.0,2011
300237.0,2011
300238.0,2011
300239.0,2011
300240.0,2011
300241.0,2011
300242.0,2011
300243.0,2011
300244.0,2011
300245.0,2011
300246.0,2011
300247.0,2011
300248.0,2011
300249.0,2011
300250.0,2011
300251.0,2011
300252.0,2011
300253.0,2011
300254.0,2011
300255.0,2011
300256.0,2011
300257.0,2011
300258.0,2011
300259.0,2011
300260.0,2011
300261.0,2011
300262.0,2011
300263.0,2011
300264.0,2011
300265.0,2011
300266.0,2011
300267.0,2011
300268.0,2011
300269.0,2011
300270.0,2011
300271.0,2011
300272.0,2011
300273.0,2011
300274.0,2011
300275.0,2011
300276.0,2011
300277.0,2011
300278.0,2011
300279.0,2011
300280.0,2011
300281.0,2011
300282.0,2011
300283.0,2012
300284.0,2012
300285.0,2012
300286.0,2012
300287.0,2012
300288.0,2012
300289.0,2012
300290.0,2012
300291.0,2012
300292.0,2012
300293.0,2012
300294.0,2012
300295.0,2012
300296.0,2012
300297.0,2012
300298.0,2012
300299.0,2012
300300.0,2012
300301.0,2012
300302.0,2012
300303.0,2012
300304.0,2012
300305.0,2012
300306.0,2012
300307.0,2012
300308.0,2012
300309.0,2012
300310.0,2012
300311.0,2012
300312.0,2012
300313.0,2012
300314.0,2012
300315.0,2012
300316.0,2012
300317.0,2012
300318.0,2012
300319.0,2012
300320.0,2012
300321.0,2012
300322.0,2012
300323.0,2012
300324.0,2012
300325.0,2012
300326.0,2012
300327.0,2012
300328.0,2012
300329.0,2012
300330.0,2012
300331.0,2012
300332.0,2012
300333.0,2012
300334.0,2012
300335.0,2012
300336.0,2012
300337.0,2012
300338.0,2012
300339.0,2012
300340.0,2012
300341.0,2012
300342.0,2012
300343.0,2012
300344.0,2012
300345.0,2012
300346.0,2012
300347.0,2012
300348.0,2012
300349.0,2012
300350.0,2012
300351.0,2012
300352.0,2012
300353.0,2012
300354.0,2012
300355.0,2012
300356.0,2012
300357.0,2014
300358.0,2014
300359.0,2014
300360.0,2014
300362.0,2014
300363.0,2014
300364.0,2015
300365.0,2014
300366.0,2014
300367.0,2014
300368.0,2014
300369.0,2014
300370.0,2014
300371.0,2014
300372.0,2014
300373.0,2014
300374.0,2015
300375.0,2014
300376.0,2014
300377.0,2014
300378.0,2014
300379.0,2014
300380.0,2014
300381.0,2014
300382.0,2014
300383.0,2014
300384.0,2014
300385.0,2014
300386.0,2014
300387.0,2014
300388.0,2014
300389.0,2014
300390.0,2014
300391.0,2014
300392.0,2014
300393.0,2014
300394.0,2015
300395.0,2014
300396.0,2014
300397.0,2014
300398.0,2014
300399.0,2014
300400.0,2014
300401.0,2014
300402.0,2014
300403.0,2014
300404.0,2015
300405.0,2014
300406.0,2014
300407.0,2014
300408.0,2014
300409.0,2014
300410.0,2014
300411.0,2014
300412.0,2014
300413.0,2015
300414.0,2015
300415.0,2015
300416.0,2015
300417.0,2015
300418.0,2015
300419.0,2015
300420.0,2015
300421.0,2015
300422.0,2015
300423.0,2015
300424.0,2015
300425.0,2015
300426.0,2015
300427.0,2015
300428.0,2015
300429.0,2015
300430.0,2015
300431.0,2015
300432.0,2015
300433.0,2015
300434.0,2015
300435.0,2015
300436.0,2015
300437.0,2015
300438.0,2015
300439.0,2015
300440.0,2015
300441.0,2015
300442.0,2015
300443.0,2015
300444.0,2015
300445.0,2015
300446.0,2015
300447.0,2015
300448.0,2015
300449.0,2015
300450.0,2015
300451.0,2015
300452.0,2015
300453.0,2015
300454.0,2018
300455.0,2015
300456.0,2015
300457.0,2015
300458.0,2015
300459.0,2015
300460.0,2015
300461.0,2015
300462.0,2015
300463.0,2015
300464.0,2015
300465.0,2015
300466.0,2015
300467.0,2015
300468.0,2015
300469.0,2015
300470.0,2015
300471.0,2015
300472.0,2015
300473.0,2015
300474.0,2016
300475.0,2015
300476.0,2015
300477.0,2015
300478.0,2015
300479.0,2015
300480.0,2015
300481.0,2015
300482.0,2015
300483.0,2015
300484.0,2016
300485.0,2015
300486.0,2015
300487.0,2015
300488.0,2015
300489.0,2015
300490.0,2015
300491.0,2015
300492.0,2015
300493.0,2015
300494.0,2015
300495.0,2015
300496.0,2015
300497.0,2015
300498.0,2015
300499.0,2016
300500.0,2016
300501.0,2016
300502.0,2016
300503.0,2016
300504.0,2018
300505.0,2016
300506.0,2016
300507.0,2016
300508.0,2016
300509.0,2016
300510.0,2016
300511.0,2016
300512.0,2016
300513.0,2016
300514.0,2017
300515.0,2016
300516.0,2016
300517.0,2016
300518.0,2016
300519.0,2016
300520.0,2016
300521.0,2016
300522.0,2016
300523.0,2016
300525.0,2016
300526.0,2016
300527.0,2016
300528.0,2016
300529.0,2016
300530.0,2016
300531.0,2016
300532.0,2016
300533.0,2016
300534.0,2016
300535.0,2016
300536.0,2016
300537.0,2016
300538.0,2016
300539.0,2016
300540.0,2016
300541.0,2016
300542.0,2016
300543.0,2016
300545.0,2016
300546.0,2016
300547.0,2016
300548.0,2016
300549.0,2016
300550.0,2016
300551.0,2016
300552.0,2016
300553.0,2016
300554.0,2017
300555.0,2016
300556.0,2016
300557.0,2016
300558.0,2016
300559.0,2016
300560.0,2016
300561.0,2016
300562.0,2016
300563.0,2016
300564.0,2019
300565.0,2016
300566.0,2016
300567.0,2016
300568.0,2016
300569.0,2016
300570.0,2016
300571.0,2016
300572.0,2016
300573.0,2016
300575.0,2016
300576.0,2016
300577.0,2016
300578.0,2017
300579.0,2016
300580.0,2017
300581.0,2016
300582.0,2016
300583.0,2017
300584.0,2017
300585.0,2016
300586.0,2017
300587.0,2017
300588.0,2017
300589.0,2017
300590.0,2017
300591.0,2017
300592.0,2017
300593.0,2017
300594.0,2019
300595.0,2017
300596.0,2017
300597.0,2017
300598.0,2017
300599.0,2017
300600.0,2017
300601.0,2017
300602.0,2017
300603.0,2017
300604.0,2017
300605.0,2017
300606.0,2017
300607.0,2017
300608.0,2017
300609.0,2017
300610.0,2017
300611.0,2017
300612.0,2017
300613.0,2017
300614.0,2021
300615.0,2017
300616.0,2017
300617.0,2017
300618.0,2017
300619.0,2017
300620.0,2017
300621.0,2017
300622.0,2017
300623.0,2017
300624.0,2018
300625.0,2017
300626.0,2017
300627.0,2017
300628.0,2017
300629.0,2017
300630.0,2017
300631.0,2017
300632.0,2017
300633.0,2017
300634.0,2018
300635.0,2017
300636.0,2017
300637.0,2017
300638.0,2017
300639.0,2017
300640.0,2017
300641.0,2017
300642.0,2017
300643.0,2017
300644.0,2018
300645.0,2017
300647.0,2017
300648.0,2017
300649.0,2017
300650.0,2017
300651.0,2017
300652.0,2017
300653.0,2017
300654.0,2017
300655.0,2017
300656.0,2017
300657.0,2017
300658.0,2017
300659.0,2017
300660.0,2017
300661.0,2017
300662.0,2017
300663.0,2017
300664.0,2018
300665.0,2017
300666.0,2017
300667.0,2017
300668.0,2017
300669.0,2017
300670.0,2017
300671.0,2017
300672.0,2017
300673.0,2017
300674.0,2007
300675.0,2017
300676.0,2017
300677.0,2017
300678.0,2017
300679.0,2017
300680.0,2017
300681.0,2017
300682.0,2017
300683.0,2017
300684.0,2017
300685.0,2017
300686.0,2017
300687.0,2017
300688.0,2017
300689.0,2017
300690.0,2017
300691.0,2017
300692.0,2017
300693.0,2017
300694.0,2018
300695.0,2017
300696.0,2017
300697.0,2017
300698.0,2017
300699.0,2017
300700.0,2017
300701.0,2017
300702.0,2017
300703.0,2017
300705.0,2017
300706.0,2017
300707.0,2017
300708.0,2017
300709.0,2017
300710.0,2017
300711.0,2017
300712.0,2017
300713.0,2017
300715.0,2017
300716.0,2017
300717.0,2017
300718.0,2017
300719.0,2017
300720.0,2017
300721.0,2017
300722.0,2017
300723.0,2017
300724.0,2018
300725.0,2017
300726.0,2017
300727.0,2017
300729.0,2017
300730.0,2017
300731.0,2017
300732.0,2017
300733.0,2018
300735.0,2017
300736.0,2018
300737.0,2018
300738.0,2018
300739.0,2018
300740.0,2018
300741.0,2018
300742.0,2018
300743.0,2018
300745.0,2018
300746.0,2018
300747.0,2018
300748.0,2018
300749.0,2018
300750.0,2018
300751.0,2018
300752.0,2018
300753.0,2018
300755.0,2019
300756.0,2018
300757.0,2019
300758.0,2019
300759.0,2019
300760.0,2018
300761.0,2019
300762.0,2019
300763.0,2019
300765.0,2019
300766.0,2019
300767.0,2019
300768.0,2019
300769.0,2019
300770.0,2019
300771.0,2019
300772.0,2019
300773.0,2019
300774.0,2021
300775.0,2019
300776.0,2019
300777.0,2019
300778.0,2019
300779.0,2019
300780.0,2019
300781.0,2019
300782.0,2019
300783.0,2019
300785.0,2019
300786.0,2019
300787.0,2019
300788.0,2019
300789.0,2019
300790.0,2019
300791.0,2019
300792.0,2019
300793.0,2019
300795.0,2019
300796.0,2019
300797.0,2019
300798.0,2019
300799.0,2019
300800.0,2019
300801.0,2019
300802.0,2019
300803.0,2019
300804.0,2023
300805.0,2019
300806.0,2019
300807.0,2019
300808.0,2019
300809.0,2019
300810.0,2019
300811.0,2019
300812.0,2020
300813.0,2020
300814.0,2021
300815.0,2020
300816.0,2020
300817.0,2020
300818.0,2020
300819.0,2020
300820.0,2020
300821.0,2020
300822.0,2020
300823.0,2020
300824.0,2020
300825.0,2020
300826.0,2020
300827.0,2020
300828.0,2020
300829.0,2020
300830.0,2020
300831.0,2020
300832.0,2020
300833.0,2020
300834.0,2022
300835.0,2020
300836.0,2020
300837.0,2020
300838.0,2020
300839.0,2020
300840.0,2020
300841.0,2020
300842.0,2020
300843.0,2020
300844.0,2021
300845.0,2020
300846.0,2020
300847.0,2020
300848.0,2020
300849.0,2020
300850.0,2020
300851.0,2020
300852.0,2020
300853.0,2020
300854.0,2021
300855.0,2020
300856.0,2020
300857.0,2020
300858.0,2020
300859.0,2020
300860.0,2020
300861.0,2020
300862.0,2020
300863.0,2020
300864.0,2020
300865.0,2020
300866.0,2020
300867.0,2020
300868.0,2020
300869.0,2020
300870.0,2020
300871.0,2020
300872.0,2020
300873.0,2020
300875.0,2020
300876.0,2020
300877.0,2020
300878.0,2020
300879.0,2020
300880.0,2020
300881.0,2020
300882.0,2020
300883.0,2020
300884.0,2020
300885.0,2020
300886.0,2020
300887.0,2020
300888.0,2020
300889.0,2020
300890.0,2020
300891.0,2020
300892.0,2020
300893.0,2020
300894.0,2020
300895.0,2020
300896.0,2020
300897.0,2020
300898.0,2020
300899.0,2020
300900.0,2020
300901.0,2020
300902.0,2020
300903.0,2020
300904.0,2023
300905.0,2020
300906.0,2020
300907.0,2020
300908.0,2020
300909.0,2020
300910.0,2020
300911.0,2020
300912.0,2020
300913.0,2020
300915.0,2020
300916.0,2020
300917.0,2020
300918.0,2020
300919.0,2020
300920.0,2020
300921.0,2020
300922.0,2020
300923.0,2020
300925.0,2020
300926.0,2021
300927.0,2021
300928.0,2021
300929.0,2021
300930.0,2021
300931.0,2021
300932.0,2021
300933.0,2021
300935.0,2021
300936.0,2021
300937.0,2021
300938.0,2021
300939.0,2021
300940.0,2021
300941.0,2021
300942.0,2021
300943.0,2021
300945.0,2021
300946.0,2021
300947.0,2021
300948.0,2021
300949.0,2021
300950.0,2021
300951.0,2021
300952.0,2021
300953.0,2021
300955.0,2021
300956.0,2021
300957.0,2021
300958.0,2021
300959.0,2021
300960.0,2021
300961.0,2021
300962.0,2021
300963.0,2021
300964.0,2021
300965.0,2021
300966.0,2021
300967.0,2021
300968.0,2021
300969.0,2021
300970.0,2021
300971.0,2021
300972.0,2021
300973.0,2021
300975.0,2021
300976.0,2021
300977.0,2021
300978.0,2021
300979.0,2021
300980.0,2021
300981.0,2021
300982.0,2021
300983.0,2021
300984.0,2021
300985.0,2021
300986.0,2021
300987.0,2021
300988.0,2021
300989.0,2021
300990.0,2021
300991.0,2021
300992.0,2021
300993.0,2021
300994.0,2021
300995.0,2021
300996.0,2008
300997.0,2021
300998.0,2021
300999.0,2020
301000.0,2021
301001.0,2021
301002.0,2021
301003.0,2021
301004.0,2021
301005.0,2021
301006.0,2021
301007.0,2021
301008.0,2021
301009.0,2021
301010.0,2021
301011.0,2021
301012.0,2021
301013.0,2021
301015.0,2021
301016.0,2021
301017.0,2021
301018.0,2021
301019.0,2021
301020.0,2021
301021.0,2021
301022.0,2021
301023.0,2021
301024.0,2021
301025.0,2021
301026.0,2021
301027.0,2021
301028.0,2021
301029.0,2021
301030.0,2021
301031.0,2021
301032.0,2021
301033.0,2021
301035.0,2021
301036.0,2021
301037.0,2021
301038.0,2021
301039.0,2019
301040.0,2021
301041.0,2021
301042.0,2021
301043.0,2021
301045.0,2021
301046.0,2021
301047.0,2021
301048.0,2021
301049.0,2021
301050.0,2021
301051.0,2021
301052.0,2021
301053.0,2021
301055.0,2021
301056.0,2021
301057.0,2021
301058.0,2021
301059.0,2021
301060.0,2021
301061.0,2021
301062.0,2021
301063.0,2021
301065.0,2021
301066.0,2021
301067.0,2021
301068.0,2021
301069.0,2021
301070.0,2021
301071.0,2021
301072.0,2021
301073.0,2021
301075.0,2021
301076.0,2021
301077.0,2021
301078.0,2021
301079.0,2021
301080.0,2021
301081.0,2021
301082.0,2021
301083.0,2021
301085.0,2021
301086.0,2021
301087.0,2021
301088.0,2021
301089.0,2021
301090.0,2021
301091.0,2021
301092.0,2021
301093.0,2021
301095.0,2022
301096.0,2021
301097.0,2022
301098.0,2021
301099.0,2021
301100.0,2021
301101.0,2021
301102.0,2022
301103.0,2022
301105.0,2022
301106.0,2022
301107.0,2022
301108.0,2021
301109.0,2022
301110.0,2022
301111.0,2021
301112.0,2022
301113.0,2021
301115.0,2022
301116.0,2022
301117.0,2022
301118.0,2021
301119.0,2021
301120.0,2022
301121.0,2022
301122.0,2022
301123.0,2022
301125.0,2022
301126.0,2021
301127.0,2021
301128.0,2021
301129.0,2021
301130.0,2022
301131.0,2022
301132.0,2022
301133.0,2021
301135.0,2022
301136.0,2022
301137.0,2022
301138.0,2021
301139.0,2022
301141.0,2023
301148.0,2022
301149.0,2021
301150.0,2022
301151.0,2022
301152.0,2022
301153.0,2022
301155.0,2021
301156.0,2022
301157.0,2023
301158.0,2022
301159.0,2022
301160.0,2022
301161.0,2022
301162.0,2022
301163.0,2022
301165.0,2022
301166.0,2021
301167.0,2021
301168.0,2021
301169.0,2021
301170.0,2023
301171.0,2022
301172.0,2023
301175.0,2022
301176.0,2022
301177.0,2021
301178.0,2021
301179.0,2021
301180.0,2021
301181.0,2022
301182.0,2021
301183.0,2022
301185.0,2021
301186.0,2021
301187.0,2022
301188.0,2021
301189.0,2021
301190.0,2021
301191.0,2022
301192.0,2020
301193.0,2021
301195.0,2022
301196.0,2022
301197.0,2022
301198.0,2021
301199.0,2021
301200.0,2022
301201.0,2022
301202.0,2023
301203.0,2023
301205.0,2022
301206.0,2022
301207.0,2022
301208.0,2022
301209.0,2022
301210.0,2023
301211.0,2021
301212.0,2022
301213.0,2021
301215.0,2022
301216.0,2022
301217.0,2022
301218.0,2022
301219.0,2022
301220.0,2022
301221.0,2021
301222.0,2022
301223.0,2022
301225.0,2023
301226.0,2022
301227.0,2022
301228.0,2022
301229.0,2022
301230.0,2022
301231.0,2022
301232.0,2023
301233.0,2022
301234.0,2022
301235.0,2022
301236.0,2022
301237.0,2022
301238.0,2022
301239.0,2022
301246.0,2023
301248.0,2022
301251.0,2023
301252.0,2023
301255.0,2022
301256.0,2022
301257.0,2022
301258.0,2022
301259.0,2022
301260.0,2023
301261.0,2023
301262.0,2023
301263.0,2022
301265.0,2022
301266.0,2022
301267.0,2022
301268.0,2022
301269.0,2022
301270.0,2022
301272.0,2023
301273.0,2022
301276.0,2022
301277.0,2022
301278.0,2022
301279.0,2022
301280.0,2022
301281.0,2023
301282.0,2022
301283.0,2022
301285.0,2022
301286.0,2022
301287.0,2023
301288.0,2022
301289.0,2022
301290.0,2022
301291.0,2023
301292.0,2023
301293.0,2023
301295.0,2023
301296.0,2022
301297.0,2022
301298.0,2022
301299.0,2022
301300.0,2022
301301.0,2022
301302.0,2022
301303.0,2023
301305.0,2023
301306.0,2022
301307.0,2023
301308.0,2022
301309.0,2022
301310.0,2023
301311.0,2022
301312.0,2022
301313.0,2022
301314.0,2023
301315.0,2023
301316.0,2022
301317.0,2023
301318.0,2022
301319.0,2022
301320.0,2023
301321.0,2020
301322.0,2023
301323.0,2023
301325.0,2023
301326.0,2022
301327.0,2022
301328.0,2022
301329.0,2023
301330.0,2022
301331.0,2022
301332.0,2023
301333.0,2022
301335.0,2022
301336.0,2022
301337.0,2023
301338.0,2022
301339.0,2022
301345.0,2023
301348.0,2023
301349.0,2022
301353.0,2023
301355.0,2023
301356.0,2022
301357.0,2023
301358.0,2023
301359.0,2022
301360.0,2023
301361.0,2022
301362.0,2023
301363.0,2022
301365.0,2022
301366.0,2022
301367.0,2022
301368.0,2022
301369.0,2022
301370.0,2023
301371.0,2023
301372.0,2023
301373.0,2023
301376.0,2023
301377.0,2022
301378.0,2023
301379.0,2022
301380.0,2022
301381.0,2023
301382.0,2023
301383.0,2023
301386.0,2023
301387.0,2023
301388.0,2022
301389.0,2022
301390.0,2023
301391.0,2022
301393.0,2023
301395.0,2023
301396.0,2022
301397.0,2023
301398.0,2022
301399.0,2023
301408.0,2023
301413.0,2023
301418.0,2023
301419.0,2023
301421.0,2023
301428.0,2023
301429.0,2023
301439.0,2023
301446.0,2023
301448.0,2023
301456.0,2023
301459.0,2023
301468.0,2023
301469.0,2023
301486.0,2023
301487.0,2023
301488.0,2023
301489.0,2023
301498.0,2023
301499.0,2023
301500.0,2023
301502.0,2024
301503.0,2023
301505.0,2023
301507.0,2023
301508.0,2023
301509.0,2023
301510.0,2023
301511.0,2023
301512.0,2023
301515.0,2023
301516.0,2023
301517.0,2023
301518.0,2023
301519.0,2023
301520.0,2023
301522.0,2024
301525.0,2023
301526.0,2023
301528.0,2023
301529.0,2023
301533.0,2023
301536.0,2024
301538.0,2024
301539.0,2024
301548.0,2023
301550.0,2023
301555.0,2023
301558.0,2023
301559.0,2023
301566.0,2023
301567.0,2024
301568.0,2023
301577.0,2024
301578.0,2023
301588.0,2024
301589.0,2024
301591.0,2024
301611.0,2024
302132.0,2010
430017.0,2023
430047.0,2020
430090.0,2021
430139.0,2022
430198.0,2020
430300.0,2022
430418.0,2020
430425.0,2023
430476.0,2022
430478.0,2023
430489.0,2020
430510.0,2020
430556.0,2023
430564.0,2022
430685.0,2022
430718.0,2022
600000.0,1999
600001.0,1998
600002.0,1998
600003.0,1999
600004.0,2003
600005.0,1999
600006.0,1999
600007.0,1999
600008.0,2000
600009.0,1998
600010.0,2001
600011.0,1994
600012.0,1996
600015.0,2003
600016.0,2000
600017.0,2006
600018.0,2000
600019.0,2000
600020.0,2003
600021.0,2003
600022.0,2004
600023.0,2013
600025.0,2017
600026.0,1994
600027.0,1999
600028.0,2000
600029.0,1997
600030.0,2003
600031.0,2003
600032.0,2021
600033.0,2001
600035.0,2004
600036.0,2002
600037.0,2001
600038.0,2000
600039.0,2003
600048.0,2006
600050.0,2002
600051.0,1997
600052.0,1997
600053.0,1997
600054.0,1996
600055.0,1997
600056.0,1997
600057.0,1997
600058.0,1997
600059.0,1997
600060.0,1997
600061.0,1997
600062.0,1997
600063.0,1997
600064.0,1997
600065.0,1997
600066.0,1997
600067.0,1997
600068.0,1997
600069.0,1997
600070.0,1997
600071.0,1997
600072.0,1997
600073.0,1997
600074.0,1997
600075.0,1997
600076.0,1997
600077.0,1997
600078.0,1997
600079.0,1997
600080.0,1997
600081.0,1997
600082.0,1997
600083.0,1997
600084.0,1997
600085.0,1997
600086.0,1997
600087.0,1997
600088.0,1997
600089.0,1997
600090.0,1997
600091.0,1997
600092.0,1997
600093.0,1997
600094.0,1996
600095.0,1997
600096.0,1997
600097.0,1997
600098.0,1997
600099.0,1997
600100.0,1997
600101.0,1997
600102.0,1997
600103.0,1997
600104.0,1997
600105.0,1997
600106.0,1997
600107.0,1997
600108.0,1997
600109.0,1997
600110.0,1997
600111.0,1997
600112.0,1997
600113.0,1997
600114.0,2004
600115.0,1997
600116.0,1997
600117.0,1997
600118.0,1997
600119.0,1998
600120.0,1997
600121.0,1998
600122.0,1998
600123.0,1998
600125.0,1998
600126.0,1998
600127.0,1998
600128.0,1997
600129.0,1997
600130.0,2000
600131.0,1998
600132.0,1997
600133.0,1998
600135.0,1998
600136.0,1998
600137.0,1998
600138.0,1997
600139.0,1998
600141.0,1999
600143.0,2004
600145.0,1999
600146.0,1999
600148.0,1998
600149.0,1999
600150.0,1998
600151.0,1998
600152.0,1998
600153.0,1998
600155.0,1998
600156.0,1998
600157.0,1998
600158.0,1998
600159.0,1998
600160.0,1998
600161.0,1998
600162.0,1998
600163.0,1998
600165.0,1998
600166.0,1998
600167.0,1999
600168.0,1998
600169.0,1998
600170.0,1998
600171.0,1998
600172.0,1998
600173.0,1999
600175.0,1999
600176.0,1999
600177.0,1998
600178.0,1998
600179.0,1998
600180.0,1998
600181.0,1998
600182.0,1999
600183.0,1998
600184.0,2003
600185.0,1999
600186.0,1998
600187.0,1998
600188.0,1998
600189.0,1998
600190.0,1998
600191.0,1998
600192.0,1998
600193.0,1999
600195.0,1999
600196.0,1998
600197.0,1999
600198.0,1998
600199.0,1998
600200.0,1999
600201.0,1999
600202.0,1999
600203.0,1999
600205.0,1999
600206.0,1999
600207.0,1999
600208.0,1999
600209.0,1999
600210.0,1999
600211.0,1999
600212.0,1999
600213.0,1999
600215.0,1999
600216.0,1999
600217.0,1999
600218.0,1998
600219.0,1999
600220.0,1999
600221.0,1997
600222.0,1999
600223.0,2000
600225.0,2000
600226.0,1999
600227.0,2000
600228.0,1999
600229.0,2000
600230.0,2000
600231.0,2000
600232.0,2000
600233.0,2000
600234.0,2000
600235.0,2000
600236.0,2000
600237.0,2000
600238.0,2000
600239.0,1999
600240.0,2000
600241.0,2000
600242.0,2000
600243.0,2000
600246.0,2000
600247.0,2000
600248.0,2000
600249.0,2004
600250.0,2001
600251.0,2003
600252.0,2000
600253.0,2000
600255.0,2000
600256.0,2000
600257.0,2000
600258.0,2000
600259.0,2000
600260.0,2000
600261.0,2000
600262.0,2000
600263.0,2000
600265.0,2000
600266.0,1999
600267.0,2000
600268.0,1999
600269.0,2000
600270.0,2000
600271.0,2003
600272.0,1997
600273.0,2003
600275.0,2000
600276.0,2000
600277.0,2000
600278.0,2000
600279.0,2000
600280.0,2000
600281.0,2000
600282.0,2000
600283.0,2000
600284.0,2004
600285.0,2000
600286.0,1999
600287.0,2000
600288.0,2000
600289.0,2000
600290.0,2000
600291.0,2000
600292.0,2000
600293.0,2000
600295.0,1995
600296.0,2000
600297.0,2000
600298.0,2000
600299.0,2000
600300.0,2000
600301.0,2000
600302.0,2000
600303.0,2000
600305.0,2001
600306.0,2000
600307.0,2000
600308.0,2000
600309.0,2001
600310.0,2001
600311.0,2001
600312.0,2001
600313.0,2001
600315.0,2001
600316.0,2000
600317.0,2002
600318.0,2000
600319.0,2001
600320.0,1997
600321.0,2001
600322.0,2001
600323.0,2000
600325.0,2004
600326.0,2001
600327.0,2002
600328.0,2000
600329.0,1997
600330.0,2001
600331.0,2001
600332.0,1997
600333.0,2000
600335.0,2001
600336.0,2000
600337.0,2000
600338.0,2000
600339.0,2000
600340.0,2003
600343.0,2003
600345.0,2000
600346.0,2001
600348.0,2003
600350.0,2002
600351.0,2002
600352.0,2003
600353.0,2002
600354.0,2004
600355.0,2002
600356.0,2001
600357.0,2002
600358.0,2000
600359.0,1999
600360.0,2001
600361.0,2001
600362.0,1997
600363.0,2001
600365.0,2001
600366.0,2000
600367.0,2001
600368.0,2000
600369.0,2001
600370.0,2003
600371.0,2002
600372.0,2001
600373.0,2002
600375.0,2003
600376.0,2001
600377.0,1997
600378.0,2001
600379.0,2002
600380.0,2001
600381.0,2001
600382.0,2001
600383.0,2001
600385.0,2001
600386.0,2001
600387.0,2004
600388.0,2000
600389.0,2001
600390.0,2001
600391.0,2001
600392.0,2003
600393.0,2001
600395.0,2001
600396.0,2001
600397.0,2002
600398.0,2000
600399.0,2000
600400.0,2001
600401.0,2003
600403.0,2003
600405.0,2004
600406.0,2003
600408.0,2003
600409.0,2003
600410.0,2004
600415.0,2002
600416.0,2002
600418.0,2001
600419.0,2001
600420.0,2004
600421.0,2004
600422.0,2000
600423.0,2003
600425.0,2003
600426.0,2002
600428.0,2002
600429.0,2003
600432.0,2003
600433.0,2003
600435.0,2003
600436.0,2003
600438.0,2004
600439.0,2003
600444.0,2004
600446.0,2003
600448.0,2001
600449.0,2003
600452.0,2004
600455.0,2004
600456.0,2002
600458.0,2002
600459.0,2003
600460.0,2003
600461.0,2004
600462.0,2003
600463.0,2004
600466.0,2001
600467.0,2004
600468.0,2001
600469.0,2003
600470.0,2004
600472.0,2005
600475.0,2003
600476.0,2003
600477.0,2003
600478.0,2003
600479.0,2004
600480.0,2003
600481.0,2003
600482.0,2004
600483.0,2004
600485.0,2003
600486.0,2002
600487.0,2003
600488.0,2001
600489.0,2003
600490.0,2003
600491.0,2004
600493.0,2004
600495.0,2004
600496.0,2002
600497.0,2004
600498.0,2001
600499.0,2002
600500.0,2000
600501.0,2001
600502.0,2003
600503.0,2002
600505.0,2002
600506.0,2001
600507.0,2003
600508.0,2001
600509.0,2002
600510.0,2002
600511.0,2002
600512.0,2002
600513.0,2003
600515.0,2002
600516.0,2002
600517.0,2003
600518.0,2001
600519.0,2001
600520.0,2002
600521.0,2003
600522.0,2002
600523.0,2001
600525.0,2002
600526.0,2002
600527.0,2003
600528.0,2001
600529.0,2002
600530.0,2001
600531.0,2002
600532.0,2002
600533.0,2002
600535.0,2002
600536.0,2002
600537.0,2003
600538.0,2003
600539.0,2001
600540.0,2004
600543.0,2004
600545.0,2003
600546.0,2003
600547.0,2003
600548.0,1997
600549.0,2002
600550.0,2001
600551.0,2002
600552.0,2002
600553.0,2002
600555.0,1999
600556.0,2001
600557.0,2002
600558.0,2001
600559.0,2002
600560.0,2002
600561.0,2002
600562.0,2003
600563.0,2002
600565.0,2002
600566.0,2001
600567.0,2001
600568.0,2001
600569.0,2001
600570.0,2003
600571.0,2002
600572.0,2004
600573.0,2003
600575.0,2003
600576.0,2003
600577.0,2002
600578.0,2002
600579.0,2002
600580.0,2002
600581.0,2002
600582.0,2002
600583.0,2002
600584.0,2003
600585.0,1997
600586.0,2002
600587.0,2002
600588.0,2001
600589.0,2001
600590.0,2002
600591.0,2002
600592.0,2002
600593.0,2002
600594.0,2004
600595.0,2002
600596.0,2001
600597.0,2002
600598.0,2002
600599.0,2001
600600.0,1993
600601.0,1990
600602.0,1990
600603.0,1992
600604.0,1992
600605.0,1992
600606.0,1992
600607.0,1992
600608.0,1992
600609.0,1992
600610.0,1992
600611.0,1992
600612.0,1992
600613.0,1992
600614.0,1992
600615.0,1992
600616.0,1992
600617.0,1992
600618.0,1992
600619.0,1992
600620.0,1992
600621.0,1992
600622.0,1992
600623.0,1992
600624.0,1993
600625.0,1993
600626.0,1993
600627.0,1993
600628.0,1993
600629.0,1993
600630.0,1993
600631.0,1993
600632.0,1993
600633.0,1993
600634.0,1993
600635.0,1993
600636.0,1993
600637.0,1993
600638.0,1993
600639.0,1993
600640.0,1993
600641.0,1993
600642.0,1993
600643.0,1993
600644.0,1993
600645.0,1993
600646.0,1993
600647.0,1993
600648.0,1993
600649.0,1993
600650.0,1993
600651.0,1990
600652.0,1990
600653.0,1990
600654.0,1990
600655.0,1992
600656.0,1990
600657.0,1993
600658.0,1993
600659.0,1993
600660.0,1993
600661.0,1993
600662.0,1993
600663.0,1993
600664.0,1993
600665.0,1993
600666.0,1993
600667.0,1993
600668.0,1993
600669.0,1993
600670.0,1993
600671.0,1993
600672.0,1993
600673.0,1993
600674.0,1993
600675.0,1993
600676.0,1993
600677.0,1993
600678.0,1993
600679.0,1993
600680.0,1993
600681.0,1993
600682.0,1993
600683.0,1993
600684.0,1993
600685.0,1993
600686.0,1993
600687.0,1993
600688.0,1993
600689.0,1993
600690.0,1993
600691.0,1993
600692.0,1993
600693.0,1993
600694.0,1993
600695.0,1993
600696.0,1993
600697.0,1993
600698.0,1993
600699.0,1993
600700.0,1996
600701.0,1996
600702.0,1996
600703.0,1996
600704.0,1996
600705.0,1996
600706.0,1996
600707.0,1996
600708.0,1996
600709.0,1996
600710.0,1996
600711.0,1996
600712.0,1996
600713.0,1996
600714.0,1996
600715.0,1996
600716.0,1996
600717.0,1996
600718.0,1996
600719.0,1996
600720.0,1996
600721.0,1996
600722.0,1996
600723.0,1996
600724.0,1996
600725.0,1996
600726.0,1996
600727.0,1996
600728.0,1996
600729.0,1996
600730.0,1996
600731.0,1996
600732.0,1996
600733.0,1996
600734.0,1996
600735.0,1996
600736.0,1996
600737.0,1996
600738.0,1996
600739.0,1996
600740.0,1996
600741.0,1996
600742.0,1996
600743.0,1996
600744.0,1996
600745.0,1996
600746.0,1996
600747.0,1996
600748.0,1996
600749.0,1996
600750.0,1996
600751.0,1996
600752.0,1996
600753.0,1996
600754.0,1994
600755.0,1996
600756.0,1996
600757.0,1996
600758.0,1996
600759.0,1996
600760.0,1996
600761.0,1996
600762.0,1996
600763.0,1996
600764.0,1996
600765.0,1996
600766.0,1996
600767.0,1996
600768.0,1996
600769.0,1996
600770.0,1996
600771.0,1996
600772.0,1996
600773.0,1996
600774.0,1996
600775.0,1996
600776.0,1996
600777.0,1996
600778.0,1996
600779.0,1996
600780.0,1996
600781.0,1996
600782.0,1996
600783.0,1996
600784.0,1996
600785.0,1997
600786.0,1996
600787.0,1997
600788.0,1996
600789.0,1997
600790.0,1997
600791.0,1997
600792.0,1997
600793.0,1997
600794.0,1997
600795.0,1997
600796.0,1997
600797.0,1997
600798.0,1997
600799.0,1997
600800.0,1993
600801.0,1994
600802.0,1994
600803.0,1994
600804.0,1994
600805.0,1994
600806.0,1993
600807.0,1994
600808.0,1993
600809.0,1994
600810.0,1994
600811.0,1994
600812.0,1994
600813.0,1994
600814.0,1994
600815.0,1994
600816.0,1994
600817.0,1994
600818.0,1993
600819.0,1993
600820.0,1994
600821.0,1994
600822.0,1994
600823.0,1994
600824.0,1994
600825.0,1994
600826.0,1994
600827.0,1994
600828.0,1994
600829.0,1994
600830.0,1994
600831.0,1994
600832.0,1994
600833.0,1994
600834.0,1994
600835.0,1994
600836.0,1994
600837.0,1994
600838.0,1994
600839.0,1994
600840.0,1994
600841.0,1993
600842.0,1994
600843.0,1994
600844.0,1993
600845.0,1994
600846.0,1994
600847.0,1994
600848.0,1994
600849.0,1994
600850.0,1994
600851.0,1993
600852.0,1994
600853.0,1994
600854.0,1994
600855.0,1994
600856.0,1994
600857.0,1994
600858.0,1994
600859.0,1994
600860.0,1993
600861.0,1994
600862.0,1994
600863.0,1994
600864.0,1994
600865.0,1994
600866.0,1994
600867.0,1994
600868.0,1994
600869.0,1995
600870.0,1995
600871.0,1994
600872.0,1995
600873.0,1995
600874.0,1994
600875.0,1994
600876.0,1994
600877.0,1995
600878.0,1995
600879.0,1995
600880.0,1995
600881.0,1995
600882.0,1995
600883.0,1995
600884.0,1996
600885.0,1996
600886.0,1996
600887.0,1996
600888.0,1996
600889.0,1996
600890.0,1996
600891.0,1996
600892.0,1996
600893.0,1996
600894.0,1996
600895.0,1996
600896.0,1996
600897.0,1996
600898.0,1996
600899.0,1996
600900.0,2003
600901.0,2018
600903.0,2017
600905.0,2021
600906.0,2021
600908.0,2016
600909.0,2016
600916.0,2021
600917.0,2014
600918.0,2020
600919.0,2016
600925.0,2023
600926.0,2016
600927.0,2021
600928.0,2019
600929.0,2018
600933.0,2017
600935.0,2021
600936.0,2016
600938.0,2001
600939.0,2017
600941.0,1997
600955.0,2021
600956.0,2010
600958.0,2015
600959.0,2015
600960.0,2004
600961.0,2004
600962.0,2004
600963.0,2004
600965.0,2004
600966.0,2004
600967.0,2004
600968.0,2019
600969.0,2004
600970.0,2005
600971.0,2004
600973.0,2004
600975.0,2004
600976.0,2004
600977.0,2016
600978.0,2004
600979.0,2004
600980.0,2004
600981.0,2004
600982.0,2004
600983.0,2004
600984.0,2004
600985.0,2004
600986.0,2004
600987.0,2004
600988.0,2004
600989.0,2019
600990.0,2004
600991.0,2004
600992.0,2004
600993.0,2004
600995.0,2004
600996.0,2016
600997.0,2004
600998.0,2010
600999.0,2009
601000.0,2010
601001.0,2006
601002.0,2007
601003.0,2007
601005.0,1997
601006.0,2006
601007.0,2007
601008.0,2007
601009.0,2007
601010.0,2011
601011.0,2011
601012.0,2012
601015.0,2014
601016.0,2014
601018.0,2010
601019.0,2017
601020.0,2016
601021.0,2015
601022.0,2022
601028.0,2011
601033.0,2024
601038.0,1997
601058.0,2011
601059.0,2023
601061.0,2023
601065.0,2023
601066.0,2016
601068.0,2012
601069.0,2015
601077.0,2010
601083.0,2023
601086.0,2017
601088.0,2005
601089.0,2022
601096.0,2023
601098.0,2010
601099.0,2007
601100.0,2011
601101.0,2010
601106.0,2010
601107.0,1997
601108.0,2017
601111.0,2004
601113.0,2011
601116.0,2011
601117.0,2010
601118.0,2011
601121.0,2023
601126.0,2010
601127.0,2016
601128.0,2016
601133.0,2023
601136.0,2022
601137.0,2011
601138.0,2018
601139.0,2009
601155.0,2015
601156.0,2021
601158.0,2010
601162.0,2018
601163.0,2016
601166.0,2007
601168.0,2007
601169.0,2007
601177.0,2010
601179.0,2010
601186.0,2008
601187.0,2020
601188.0,2010
601198.0,2015
601199.0,2011
601200.0,2017
601208.0,2011
601211.0,2015
601212.0,2017
601216.0,2011
601218.0,2011
601222.0,2011
601225.0,2014
601226.0,2014
601228.0,2017
601229.0,2016
601231.0,2012
601233.0,2011
601236.0,2019
601238.0,2010
601258.0,2011
601268.0,2010
601279.0,2021
601288.0,2010
601298.0,2014
601299.0,2009
601311.0,2011
601313.0,2012
601318.0,2004
601319.0,2012
601326.0,2013
601328.0,2005
601330.0,2014
601333.0,1996
601336.0,2011
601339.0,2012
601360.0,2018
601366.0,2017
601368.0,2015
601369.0,2010
601375.0,2014
601377.0,2010
601388.0,2012
601390.0,2007
601398.0,2006
601399.0,2020
601456.0,2015
601500.0,2016
601512.0,2019
601515.0,2012
601518.0,2010
601519.0,2011
601528.0,2021
601555.0,2011
601558.0,2011
601566.0,2011
601567.0,2011
601568.0,2020
601577.0,2018
601579.0,2014
601588.0,1997
601595.0,2016
601598.0,2003
601599.0,2011
601600.0,2001
601601.0,2007
601606.0,2018
601607.0,1994
601608.0,2012
601609.0,2020
601611.0,2016
601615.0,2019
601616.0,2011
601618.0,2009
601619.0,2017
601628.0,2003
601633.0,2003
601636.0,2011
601658.0,2016
601665.0,2021
601666.0,2006
601668.0,2009
601669.0,2011
601677.0,2011
601678.0,2010
601686.0,2020
601688.0,2010
601689.0,2015
601696.0,2020
601698.0,2019
601699.0,2006
601700.0,2011
601702.0,2020
601717.0,2010
601718.0,2010
601727.0,2005
601728.0,2002
601766.0,2008
601777.0,2010
601778.0,2020
601788.0,2009
601789.0,2011
601798.0,2011
601799.0,2011
601800.0,2006
601801.0,2010
601808.0,2002
601811.0,2007
601816.0,2020
601818.0,2010
601825.0,2021
601827.0,2020
601828.0,2015
601838.0,2018
601857.0,2000
601858.0,2017
601860.0,2019
601865.0,2015
601866.0,2004
601868.0,2015
601869.0,2014
601872.0,2006
601877.0,2010
601878.0,2017
601880.0,2006
601881.0,2013
601882.0,2016
601886.0,2011
601888.0,2009
601890.0,2010
601898.0,2006
601899.0,2003
601900.0,2016
601901.0,2011
601908.0,2011
601916.0,2016
601918.0,2007
601919.0,2005
601921.0,2021
601928.0,2011
601929.0,2012
601933.0,2010
601939.0,2005
601949.0,2017
601952.0,2017
601956.0,2020
601958.0,2008
601963.0,2013
601965.0,2012
601966.0,2016
601968.0,2015
601969.0,2014
601975.0,2019
601985.0,2015
601988.0,2006
601989.0,2009
601990.0,2018
601991.0,1997
601992.0,2009
601995.0,2015
601996.0,2011
601997.0,2016
601998.0,2007
601999.0,2007
603000.0,2012
603001.0,2012
603002.0,2012
603003.0,2012
603004.0,2023
603005.0,2014
603006.0,2014
603007.0,2016
603008.0,2012
603009.0,2014
603010.0,2014
603011.0,2014
603012.0,2015
603013.0,2018
603015.0,2015
603016.0,2016
603017.0,2014
603018.0,2014
603019.0,2014
603020.0,2015
603021.0,2015
603022.0,2015
603023.0,2015
603025.0,2015
603026.0,2015
603027.0,2016
603028.0,2016
603029.0,2016
603030.0,2015
603031.0,2016
603032.0,2017
603033.0,2016
603035.0,2017
603036.0,2016
603037.0,2017
603038.0,2017
603039.0,2017
603040.0,2017
603041.0,2017
603042.0,2017
603043.0,2017
603045.0,2018
603048.0,2021
603050.0,2017
603051.0,2022
603052.0,2022
603053.0,2019
603055.0,2017
603056.0,2018
603057.0,2022
603058.0,2016
603059.0,2018
603060.0,2016
603061.0,2023
603062.0,2023
603063.0,2017
603065.0,2023
603066.0,2015
603067.0,2016
603068.0,2019
603069.0,2016
603070.0,2022
603071.0,2021
603073.0,2023
603075.0,2023
603076.0,2017
603077.0,2012
603078.0,2017
603079.0,2017
603080.0,2018
603081.0,2017
603082.0,2024
603083.0,2017
603085.0,2015
603086.0,2017
603087.0,2020
603088.0,2014
603089.0,2017
603090.0,2016
603093.0,2019
603095.0,2020
603096.0,2017
603097.0,2022
603098.0,2016
603099.0,2014
603100.0,2014
603101.0,2016
603102.0,2022
603103.0,2017
603105.0,2018
603106.0,2017
603107.0,2023
603108.0,2015
603109.0,2019
603110.0,2017
603111.0,2014
603112.0,2020
603113.0,2017
603115.0,2019
603116.0,2015
603117.0,2015
603118.0,2015
603119.0,2023
603121.0,2019
603122.0,2022
603123.0,2012
603125.0,2023
603126.0,2014
603127.0,2017
603128.0,2012
603129.0,2017
603130.0,2022
603131.0,2016
603132.0,2022
603133.0,2017
603135.0,2023
603136.0,2017
603137.0,2023
603138.0,2017
603139.0,2017
603150.0,2022
603151.0,2022
603153.0,2023
603155.0,2020
603156.0,2018
603157.0,2014
603158.0,2015
603159.0,2016
603160.0,2016
603161.0,2018
603162.0,2023
603163.0,2022
603165.0,2017
603166.0,2014
603167.0,2012
603168.0,2014
603169.0,2014
603170.0,2022
603171.0,2021
603172.0,2023
603173.0,2023
603176.0,2021
603177.0,2017
603178.0,2017
603179.0,2017
603180.0,2017
603181.0,2017
603182.0,2022
603183.0,2017
603185.0,2018
603186.0,2017
603187.0,2018
603188.0,2014
603189.0,2016
603190.0,2023
603191.0,2022
603192.0,2018
603193.0,2023
603195.0,2020
603196.0,2017
603197.0,2017
603198.0,2015
603199.0,2015
603200.0,2017
603201.0,2022
603203.0,2016
603206.0,2022
603208.0,2017
603209.0,2022
603211.0,2022
603212.0,2020
603213.0,2021
603214.0,2018
603215.0,2022
603216.0,2021
603217.0,2019
603218.0,2016
603219.0,2021
603220.0,2018
603221.0,2020
603222.0,2015
603223.0,2015
603225.0,2017
603226.0,2017
603227.0,2015
603228.0,2017
603229.0,2017
603230.0,2021
603231.0,2023
603232.0,2017
603233.0,2017
603235.0,2022
603236.0,2019
603237.0,2022
603238.0,2017
603239.0,2016
603255.0,2022
603256.0,2019
603258.0,2016
603259.0,2007
603260.0,2017
603261.0,2022
603266.0,2017
603267.0,2019
603268.0,2015
603269.0,2017
603270.0,2023
603272.0,2022
603273.0,2023
603275.0,2023
603276.0,2023
603277.0,2017
603278.0,2017
603279.0,2019
603280.0,2022
603281.0,2023
603282.0,2023
603283.0,2017
603286.0,2017
603288.0,2014
603289.0,2017
603290.0,2020
603291.0,2023
603296.0,2023
603297.0,2018
603298.0,2016
603299.0,2015
603300.0,2015
603301.0,2018
603303.0,2017
603305.0,2017
603306.0,2014
603307.0,2023
603308.0,2014
603309.0,2015
603311.0,2015
603312.0,2024
603313.0,2016
603315.0,2015
603316.0,2017
603317.0,2019
603318.0,2015
603319.0,2016
603320.0,2017
603321.0,2017
603322.0,2016
603323.0,2016
603324.0,2021
603325.0,2024
603326.0,2017
603327.0,2019
603328.0,2014
603329.0,2017
603330.0,2017
603331.0,2017
603332.0,2019
603333.0,2012
603335.0,2017
603336.0,2016
603337.0,2017
603338.0,2015
603339.0,2016
603341.0,2024
603344.0,2024
603345.0,2017
603348.0,2018
603351.0,2019
603353.0,2020
603355.0,2015
603356.0,2018
603357.0,2017
603358.0,2017
603359.0,2017
603360.0,2017
603363.0,2017
603365.0,2017
603366.0,2012
603367.0,2017
603368.0,2014
603369.0,2014
603373.0,2023
603375.0,2024
603377.0,2016
603378.0,2017
603379.0,2019
603380.0,2017
603383.0,2017
603385.0,2017
603386.0,2017
603387.0,2017
603388.0,2017
603389.0,2016
603390.0,2019
603392.0,2020
603393.0,2016
603396.0,2017
603398.0,2015
603399.0,2012
603408.0,2020
603416.0,2016
603421.0,2016
603429.0,2017
603439.0,2020
603444.0,2017
603456.0,2014
603458.0,2017
603466.0,2017
603477.0,2017
603486.0,2018
603488.0,2017
603489.0,2019
603496.0,2017
603499.0,2017
603500.0,2017
603501.0,2017
603505.0,2017
603506.0,2018
603507.0,2017
603508.0,2015
603511.0,2021
603515.0,2016
603516.0,2018
603517.0,2017
603518.0,2014
603519.0,2015
603520.0,2016
603527.0,2017
603528.0,2016
603529.0,2021
603530.0,2019
603533.0,2017
603535.0,2017
603536.0,2017
603538.0,2017
603551.0,2020
603555.0,2014
603556.0,2016
603557.0,2017
603558.0,2015
603559.0,2016
603565.0,2020
603566.0,2015
603567.0,2015
603568.0,2015
603569.0,2016
603577.0,2016
603578.0,2017
603579.0,2017
603580.0,2017
603583.0,2018
603585.0,2016
603586.0,2017
603587.0,2018
603588.0,2014
603589.0,2015
603590.0,2018
603595.0,2017
603596.0,2018
603598.0,2015
603599.0,2015
603600.0,2015
603601.0,2015
603602.0,2017
603603.0,2017
603605.0,2017
603606.0,2014
603607.0,2017
603608.0,2016
603609.0,2014
603610.0,2019
603611.0,2015
603612.0,2017
603613.0,2019
603615.0,2017
603616.0,2015
603617.0,2017
603618.0,2015
603619.0,2017
603626.0,2017
603628.0,2017
603629.0,2018
603630.0,2017
603633.0,2016
603636.0,2014
603637.0,2017
603638.0,2017
603639.0,2017
603648.0,2017
603650.0,2018
603655.0,2017
603656.0,2017
603657.0,2018
603658.0,2016
603659.0,2017
603660.0,2016
603661.0,2017
603662.0,2019
603663.0,2016
603665.0,2017
603666.0,2018
603667.0,2016
603668.0,2017
603669.0,2015
603676.0,2017
603677.0,2017
603678.0,2015
603679.0,2017
603680.0,2018
603681.0,2019
603682.0,2020
603683.0,2017
603685.0,2017
603686.0,2015
603687.0,2019
603688.0,2014
603689.0,2017
603690.0,2017
603693.0,2018
603696.0,2015
603697.0,2019
603698.0,2015
603699.0,2014
603700.0,2019
603701.0,2016
603703.0,2015
603706.0,2018
603707.0,2017
603708.0,2016
603709.0,2018
603711.0,2017
603712.0,2018
603713.0,2018
603716.0,2016
603717.0,2017
603718.0,2015
603719.0,2020
603721.0,2017
603722.0,2017
603725.0,2017
603726.0,2016
603727.0,2016
603728.0,2017
603729.0,2015
603730.0,2017
603733.0,2018
603737.0,2016
603738.0,2016
603739.0,2019
603755.0,2019
603757.0,2017
603758.0,2017
603759.0,2021
603766.0,2012
603767.0,2017
603768.0,2017
603773.0,2018
603776.0,2017
603777.0,2016
603778.0,2015
603779.0,2016
603786.0,2019
603787.0,2017
603788.0,2015
603789.0,2015
603790.0,2018
603797.0,2017
603798.0,2016
603799.0,2015
603800.0,2015
603801.0,2017
603803.0,2017
603806.0,2014
603808.0,2015
603809.0,2017
603810.0,2018
603811.0,2017
603813.0,2017
603815.0,2019
603816.0,2016
603817.0,2017
603818.0,2015
603819.0,2016
603822.0,2016
603823.0,2016
603825.0,2017
603826.0,2017
603828.0,2015
603829.0,2017
603833.0,2017
603836.0,2021
603838.0,2015
603839.0,2017
603843.0,2016
603848.0,2017
603855.0,2017
603856.0,2017
603858.0,2016
603859.0,2016
603860.0,2017
603861.0,2016
603863.0,2019
603866.0,2015
603867.0,2019
603868.0,2016
603869.0,2015
603871.0,2018
603876.0,2018
603877.0,2017
603878.0,2016
603879.0,2017
603880.0,2017
603881.0,2017
603882.0,2017
603883.0,2015
603885.0,2015
603886.0,2016
603887.0,2016
603888.0,2016
603889.0,2014
603890.0,2017
603893.0,2020
603895.0,2018
603896.0,2017
603897.0,2018
603898.0,2015
603899.0,2015
603900.0,2016
603901.0,2015
603903.0,2017
603906.0,2017
603908.0,2017
603909.0,2016
603912.0,2017
603915.0,2019
603916.0,2017
603917.0,2017
603918.0,2015
603919.0,2016
603920.0,2017
603922.0,2017
603926.0,2017
603927.0,2019
603928.0,2016
603929.0,2016
603931.0,2020
603933.0,2017
603936.0,2015
603937.0,2017
603938.0,2017
603939.0,2015
603948.0,2020
603949.0,2020
603950.0,2020
603955.0,2017
603956.0,2019
603958.0,2016
603959.0,2016
603960.0,2017
603963.0,2017
603966.0,2017
603967.0,2019
603968.0,2015
603969.0,2015
603970.0,2017
603976.0,2017
603977.0,2016
603978.0,2017
603979.0,2015
603980.0,2017
603982.0,2019
603983.0,2019
603985.0,2017
603986.0,2016
603987.0,2016
603988.0,2014
603989.0,2015
603990.0,2016
603991.0,2017
603992.0,2019
603993.0,2007
603995.0,2019
603996.0,2015
603997.0,2015
603998.0,2014
603999.0,2015
605001.0,2020
605003.0,2020
605005.0,2021
605006.0,2020
605007.0,2020
605008.0,2020
605009.0,2020
605011.0,2021
605016.0,2021
605018.0,2020
605020.0,2021
605028.0,2021
605033.0,2021
605050.0,2020
605055.0,2021
605056.0,2021
605058.0,2020
605060.0,2021
605066.0,2020
605068.0,2020
605069.0,2021
605077.0,2021
605080.0,2021
605081.0,2021
605086.0,2021
605088.0,2020
605089.0,2021
605090.0,2021
605098.0,2021
605099.0,2020
605100.0,2020
605108.0,2020
605111.0,2020
605116.0,2020
605117.0,2021
605118.0,2020
605122.0,2021
605123.0,2020
605128.0,2020
605133.0,2021
605136.0,2020
605138.0,2021
605151.0,2020
605155.0,2020
605158.0,2020
605162.0,2021
605166.0,2020
605167.0,2021
605168.0,2020
605169.0,2020
605177.0,2020
605178.0,2020
605179.0,2020
605180.0,2021
605183.0,2020
605186.0,2020
605188.0,2020
605189.0,2021
605196.0,2021
605198.0,2003
605199.0,2020
605208.0,2021
605218.0,2020
605222.0,2020
605228.0,2021
605255.0,2020
605258.0,2020
605259.0,2021
605266.0,2020
605268.0,2021
605277.0,2021
605286.0,2021
605287.0,2021
605288.0,2020
605289.0,2021
605296.0,2021
605298.0,2021
605299.0,2020
605300.0,2021
605303.0,2021
605305.0,2021
605318.0,2020
605319.0,2021
605333.0,2020
605336.0,2020
605337.0,2021
605338.0,2020
605339.0,2021
605358.0,2020
605365.0,2021
605366.0,2020
605368.0,2021
605369.0,2020
605376.0,2020
605377.0,2020
605378.0,2021
605388.0,2020
605389.0,2021
605398.0,2021
605399.0,2020
605488.0,2021
605499.0,2021
605500.0,2020
605507.0,2021
605555.0,2021
605566.0,2021
605567.0,2021
605577.0,2021
605580.0,2021
605588.0,2021
605589.0,2021
605598.0,2021
605599.0,2021
688001.0,2019
688002.0,2019
688003.0,2019
688004.0,2020
688005.0,2019
688006.0,2019
688007.0,2019
688008.0,2013
688009.0,2015
688010.0,2019
688011.0,2019
688012.0,2019
688013.0,2020
688015.0,2019
688016.0,2019
688017.0,2020
688018.0,2019
688019.0,2019
688020.0,2019
688021.0,2019
688022.0,2019
688023.0,2019
688025.0,2019
688026.0,2020
688027.0,2020
688028.0,2019
688029.0,2019
688030.0,2019
688031.0,2022
688032.0,2021
688033.0,2019
688035.0,2022
688036.0,2019
688037.0,2019
688038.0,2021
688039.0,2019
688041.0,2022
688045.0,2022
688046.0,2022
688047.0,2022
688048.0,2022
688049.0,2021
688050.0,2020
688051.0,2020
688052.0,2022
688053.0,2022
688055.0,2020
688056.0,2020
688057.0,2020
688058.0,2019
688059.0,2021
688060.0,2020
688061.0,2022
688062.0,2022
688063.0,2020
688065.0,2020
688066.0,2019
688067.0,2021
688068.0,2019
688069.0,2020
688070.0,2021
688071.0,2021
688072.0,2022
688073.0,2022
688075.0,2021
688076.0,2021
688077.0,2020
688078.0,2019
688079.0,2021
688080.0,2020
688081.0,2020
688082.0,2021
688083.0,2021
688084.0,2022
688085.0,2020
688086.0,2020
688087.0,2021
688088.0,2019
688089.0,2019
688090.0,2020
688091.0,2021
688092.0,2021
688093.0,2020
688095.0,2020
688096.0,2020
688097.0,2021
688098.0,2019
688099.0,2019
688100.0,2020
688101.0,2019
688102.0,2022
688103.0,2021
688105.0,2021
688106.0,2020
688107.0,2021
688108.0,2019
688109.0,2021
688110.0,2021
688111.0,2019
688112.0,2021
688113.0,2021
688114.0,2022
688115.0,2022
688116.0,2019
688117.0,2021
688118.0,2019
688119.0,2022
688120.0,2022
688121.0,2021
688122.0,2019
688123.0,2019
688125.0,2022
688126.0,2020
688127.0,2020
688128.0,2019
688129.0,2020
688130.0,2022
688131.0,2021
688132.0,2022
688133.0,2020
688135.0,2020
688136.0,2020
688137.0,2022
688138.0,2019
688139.0,2019
688141.0,2022
688143.0,2022
688146.0,2023
688147.0,2022
688148.0,2021
688150.0,2022
688151.0,2021
688152.0,2022
688153.0,2022
688155.0,2020
688156.0,2020
688157.0,2020
688158.0,2020
688159.0,2020
688160.0,2020
688161.0,2021
688162.0,2021
688163.0,2022
688165.0,2020
688166.0,2019
688167.0,2021
688168.0,2019
688169.0,2020
688170.0,2022
688171.0,2022
688172.0,2022
688173.0,2022
688175.0,2022
688176.0,2022
688177.0,2020
688178.0,2020
688179.0,2020
688180.0,2018
688181.0,2020
688182.0,2021
688183.0,2021
688184.0,2022
688185.0,2019
688186.0,2020
688187.0,2006
688188.0,2019
688189.0,2020
688190.0,2021
688191.0,2021
688192.0,2021
688193.0,2022
688195.0,2021
688196.0,2019
688197.0,2022
688198.0,2019
688199.0,2019
688200.0,2020
688201.0,2021
688202.0,2019
688203.0,2022
688205.0,2022
688206.0,2021
688207.0,2022
688208.0,2020
688209.0,2022
688210.0,2021
688211.0,2021
688212.0,2021
688213.0,2022
688215.0,2020
688216.0,2021
688217.0,2021
688218.0,2019
688219.0,2020
688220.0,2022
688221.0,2020
688222.0,2020
688223.0,2022
688225.0,2022
688226.0,2021
688227.0,2021
688228.0,2020
688229.0,2020
688230.0,2021
688231.0,2022
688232.0,2021
688233.0,2020
688234.0,2022
688235.0,2016
688236.0,2015
688237.0,2022
688238.0,2022
688239.0,2021
688244.0,2022
688246.0,2021
688247.0,2022
688248.0,2021
688249.0,2023
688251.0,2022
688252.0,2022
688253.0,2022
688255.0,2021
688256.0,2020
688257.0,2021
688258.0,2019
688259.0,2022
688260.0,2021
688261.0,2022
688262.0,2022
688265.0,2021
688266.0,2020
688267.0,2022
688268.0,2019
688269.0,2021
688270.0,2022
688271.0,2022
688272.0,2021
688273.0,2022
688275.0,2022
688276.0,2021
688277.0,2020
688278.0,2020
688279.0,2022
688280.0,2021
688281.0,2022
688282.0,2022
688283.0,2022
688285.0,2021
688286.0,2020
688287.0,2020
688288.0,2019
688289.0,2020
688290.0,2022
688291.0,2022
688292.0,2022
688293.0,2022
688295.0,2022
688296.0,2021
688297.0,2022
688298.0,2020
688299.0,2019
688300.0,2019
688301.0,2020
688302.0,2022
688303.0,2021
688305.0,2021
688306.0,2022
688307.0,2023
688308.0,2020
688309.0,2020
688310.0,2019
688311.0,2020
688312.0,2020
688313.0,2020
688314.0,2021
688315.0,2021
688316.0,2021
688317.0,2021
688318.0,2020
688319.0,2021
688320.0,2022
688321.0,2019
688322.0,2022
688323.0,2021
688325.0,2022
688326.0,2022
688327.0,2022
688328.0,2021
688329.0,2021
688330.0,2020
688331.0,2020
688332.0,2022
688333.0,2019
688334.0,2023
688335.0,2020
688336.0,2020
688337.0,2022
688338.0,2020
688339.0,2020
688343.0,2023
688345.0,2021
688347.0,2014
688348.0,2022
688349.0,2022
688350.0,2021
688351.0,2022
688352.0,2023
688353.0,2022
688355.0,2021
688356.0,2020
688357.0,2019
688358.0,2019
688359.0,2021
688360.0,2020
688361.0,2023
688362.0,2022
688363.0,2019
688365.0,2020
688366.0,2015
688367.0,2021
688368.0,2019
688369.0,2019
688370.0,2022
688371.0,2022
688372.0,2022
688373.0,2022
688375.0,2022
688376.0,2022
688377.0,2020
688378.0,2020
688379.0,2020
688380.0,2022
688381.0,2022
688382.0,2022
688383.0,2021
688385.0,2000
688386.0,2020
688387.0,2022
688388.0,2019
688389.0,2019
688390.0,2020
688391.0,2022
688392.0,2022
688393.0,2020
688395.0,2021
688396.0,2004
688398.0,2020
688399.0,2019
688400.0,2022
688401.0,2022
688403.0,2022
688408.0,2020
688409.0,2022
688410.0,2022
688416.0,2022
688418.0,2020
688419.0,2022
688420.0,2022
688425.0,2021
688426.0,2022
688428.0,2020
688429.0,2023
688432.0,2022
688433.0,2023
688435.0,2023
688439.0,2022
688443.0,2023
688448.0,2022
688450.0,2023
688455.0,2022
688456.0,2021
688458.0,2023
688459.0,2022
688466.0,2020
688468.0,2021
688469.0,2023
688472.0,2023
688475.0,2022
688478.0,2023
688479.0,2023
688480.0,2022
688484.0,2023
688485.0,2023
688486.0,2023
688488.0,2020
688489.0,2022
688496.0,2022
688498.0,2022
688499.0,2021
688500.0,2020
688501.0,2021
688502.0,2023
688503.0,2022
688505.0,2002
688506.0,2023
688507.0,2023
688508.0,2020
688509.0,2021
688510.0,2020
688511.0,2021
688512.0,2023
688513.0,2020
688515.0,2023
688516.0,2020
688517.0,2021
688518.0,2020
688519.0,2020
688520.0,2020
688521.0,2020
688522.0,2023
688523.0,2023
688525.0,2022
688526.0,2020
688528.0,2020
688529.0,2020
688531.0,2023
688533.0,2021
688535.0,2023
688536.0,2020
688538.0,2021
688539.0,2023
688543.0,2023
688545.0,2025
688548.0,2023
688549.0,2023
688550.0,2020
688551.0,2020
688552.0,2023
688553.0,2021
688555.0,2020
688556.0,2020
688557.0,2020
688558.0,2020
688559.0,2020
688560.0,2020
688561.0,2020
688562.0,2023
688563.0,2023
688565.0,2021
688566.0,2020
688567.0,2020
688568.0,2020
688569.0,2020
688570.0,2023
688571.0,2020
688573.0,2023
688575.0,2021
688576.0,2023
688577.0,2020
688578.0,2020
688579.0,2020
688580.0,2020
688581.0,2023
688582.0,2023
688584.0,2024
688585.0,2020
688586.0,2020
688588.0,2020
688589.0,2020
688590.0,2020
688591.0,2023
688592.0,2023
688593.0,2023
688595.0,2020
688596.0,2020
688597.0,2021
688598.0,2020
688599.0,2006
688600.0,2020
688601.0,2021
688602.0,2023
688603.0,2023
688606.0,2021
688607.0,2021
688608.0,2020
688609.0,2021
688610.0,2023
688611.0,2021
688612.0,2023
688613.0,2021
688616.0,2021
688617.0,2021
688618.0,2020
688619.0,2021
688620.0,2023
688621.0,2021
688622.0,2021
688623.0,2023
688625.0,2021
688626.0,2021
688627.0,2023
688628.0,2021
688629.0,2023
688630.0,2021
688631.0,2023
688633.0,2021
688636.0,2021
688638.0,2023
688639.0,2021
688646.0,2023
688648.0,2023
688651.0,2023
688652.0,2023
688653.0,2023
688655.0,2021
688656.0,2021
688657.0,2023
688658.0,2020
688659.0,2021
688660.0,2021
688661.0,2021
688662.0,2021
688663.0,2021
688665.0,2021
688667.0,2021
688668.0,2020
688669.0,2021
688670.0,2021
688671.0,2023
688676.0,1998
688677.0,2021
688678.0,2020
688679.0,2020
688680.0,2021
688681.0,2021
688682.0,2021
688683.0,2021
688685.0,2021
688686.0,2020
688687.0,2021
688689.0,2021
688690.0,2021
688693.0,2023
688696.0,2021
688697.0,2021
688698.0,2020
688699.0,2020
688700.0,2021
688701.0,2021
688702.0,2023
688707.0,2021
688709.0,2024
688711.0,2021
688716.0,2023
688717.0,2024
688718.0,2021
688719.0,2023
688720.0,2023
688721.0,2024
688722.0,2021
688728.0,2021
688733.0,2021
688737.0,2021
688739.0,2021
688766.0,2021
688767.0,2021
688768.0,2021
688772.0,2021
688776.0,2021
688777.0,2020
688778.0,2021
688779.0,2021
688786.0,2021
688787.0,2021
688788.0,2020
688789.0,2021
688793.0,2021
688798.0,2021
688799.0,2021
688800.0,2021
688819.0,2021
688981.0,2004
689009.0,2020
830779.0,2023
830799.0,2020
830809.0,2023
830832.0,2021
830839.0,2020
830879.0,2022
830896.0,2023
830946.0,2020
830964.0,2020
830974.0,2023
831010.0,2020
831039.0,2021
831087.0,2022
831152.0,2022
831167.0,2022
831175.0,2023
831195.0,2022
831278.0,2022
831304.0,2023
831305.0,2021
831370.0,2020
831396.0,2024
831445.0,2020
831526.0,2022
831627.0,2023
831641.0,2022
831689.0,2022
831726.0,2021
831768.0,2021
831832.0,2021
831834.0,2022
831855.0,2022
831856.0,2020
831906.0,2023
831961.0,2020
832000.0,2020
832023.0,2023
832089.0,2021
832110.0,2022
832145.0,2021
832149.0,2023
832171.0,2021
832175.0,2023
832225.0,2021
832278.0,2020
832317.0,2020
832419.0,2022
832469.0,2023
832471.0,2023
832491.0,2022
832522.0,2023
832566.0,2021
832651.0,2023
832662.0,2022
832735.0,2021
832786.0,2023
832802.0,2023
832876.0,2022
832885.0,2021
832978.0,2023
832982.0,2023
833030.0,2023
833075.0,2022
833171.0,2022
833230.0,2022
833266.0,2020
833284.0,2023
833346.0,2022
833394.0,2023
833427.0,2021
833429.0,2022
833454.0,2021
833455.0,2023
833509.0,2021
833523.0,2021
833533.0,2022
833575.0,2023
833580.0,2022
833751.0,2023
833781.0,2022
833819.0,2020
833873.0,2021
833874.0,2020
833914.0,2022
833943.0,2022
833994.0,2020
834014.0,2022
834021.0,2020
834033.0,2022
834058.0,2023
834062.0,2022
834261.0,2023
834407.0,2023
834415.0,2020
834475.0,2020
834599.0,2021
834639.0,2022
834682.0,2020
834765.0,2021
834770.0,2023
834950.0,2023
835174.0,2021
835179.0,2022
835184.0,2020
835185.0,2020
835207.0,2022
835237.0,2022
835305.0,2021
835368.0,2020
835438.0,2024
835508.0,2020
835579.0,2023
835640.0,2020
835670.0,2020
835857.0,2023
835892.0,2022
835985.0,2022
836077.0,2021
836149.0,2020
836208.0,2023
836221.0,2023
836239.0,2021
836247.0,2022
836260.0,2021
836263.0,2020
836270.0,2022
836395.0,2022
836414.0,2022
836419.0,2023
836422.0,2023
836433.0,2020
836504.0,2023
836547.0,2023
836675.0,2020
836699.0,2023
836717.0,2023
836720.0,2021
836807.0,2022
836826.0,2021
836871.0,2022
836892.0,2021
836942.0,2022
836957.0,2022
836961.0,2023
837006.0,2023
837023.0,2024
837046.0,2022
837092.0,2021
837174.0,2023
837212.0,2021
837242.0,2020
837344.0,2021
837403.0,2024
837592.0,2023
837663.0,2023
837748.0,2023
837821.0,2022
838030.0,2020
838163.0,2020
838171.0,2022
838227.0,2022
838262.0,2022
838275.0,2021
838402.0,2022
838670.0,2022
838701.0,2023
838810.0,2022
838837.0,2023
838924.0,2021
838971.0,2022
839167.0,2020
839273.0,2023
839371.0,2023
839493.0,2023
839680.0,2021
839719.0,2023
839725.0,2022
839729.0,2020
839790.0,2022
839792.0,2023
839946.0,2021
870199.0,2022
870204.0,2022
870299.0,2022
870357.0,2022
870436.0,2021
870508.0,2022
870656.0,2024
870726.0,2023
870866.0,2022
870976.0,2023
871245.0,2022
871263.0,2023
871396.0,2020
871478.0,2023
871553.0,2021
871634.0,2022
871642.0,2021
871694.0,2023
871753.0,2022
871857.0,2022
871970.0,2022
871981.0,2021
872190.0,2022
872351.0,2022
872374.0,2022
872392.0,2022
872541.0,2023
872808.0,2022
872895.0,2023
872925.0,2021
872931.0,2024
872953.0,2023
873001.0,2022
873122.0,2022
873132.0,2023
873152.0,2023
873167.0,2023
873169.0,2022
873223.0,2022
873305.0,2022
873339.0,2022
873527.0,2022
873570.0,2023
873576.0,2023
873593.0,2023
873665.0,2023
873679.0,2023
873690.0,2024
873693.0,2023
873703.0,2023
873706.0,2024
873726.0,2023
873806.0,2024
873833.0,2023
