source_file,raw_variable,clean_variable,definition,unit,note
CSMAR常用变量-2000-2024.xlsx,Stkcd,Stkcd,股票代码,代码,
CSMAR常用变量-2000-2024.xlsx,accper,accper,会计年度,日期,
CSMAR常用变量-2000-2024.xlsx,stknme,stknme,股票简称,文本,
CSMAR常用变量-2000-2024.xlsx,AnaAttention,AnaAttention,分析师关注度,数值,
CSMAR常用变量-2000-2024.xlsx,Audittyp,Audittyp,审计意见,枚举,
CSMAR常用变量-2000-2024.xlsx,InternationalBig4,InternationalBig4,审计师是否来自国际四大,枚举,
CSMAR常用变量-2000-2024.xlsx,Ysmvosd,Ysmvosd,年个股流通市值,,
CSMAR常用变量-2000-2024.xlsx,Ysmvttl,Ysmvttl,年个股总市值,,
CSMAR常用变量-2000-2024.xlsx,Yretwd,Yretwd,考虑现金红利再投资的年个股回报率,比率,
CSMAR常用变量-2000-2024.xlsx,PropertyRightsNature,PropertyRightsNature,产权性质,枚举,
CSMAR常用变量-2000-2024.xlsx,Seperation,Seperation,两权分离度,枚举,
CSMAR常用变量-2000-2024.xlsx,ActualControllerNatureID,ActualControllerNatureID,实际控制人性质编码,枚举,
CSMAR常用变量-2000-2024.xlsx,OwnershipProportion,OwnershipProportion,实际控制人拥有上市公司所有权比例,比率,
CSMAR常用变量-2000-2024.xlsx,ControlProportion,ControlProportion,实际控制人拥有上市公司控制权比例,比率,
CSMAR常用变量-2000-2024.xlsx,Shrcr1,Top1,股权集中度1,比率,
CSMAR常用变量-2000-2024.xlsx,Shrhfd5,HHI5,股权集中度9,比率,
CSMAR常用变量-2000-2024.xlsx,Shrz,Shrz,股权集中度5,比率,
CSMAR常用变量-2000-2024.xlsx,FundHoldProportion,FundHoldProportion,基金持股比例,比率,
CSMAR常用变量-2000-2024.xlsx,QFIIHoldProportion,QFIIHoldProportion,合格境外投资者持股比例,,
CSMAR常用变量-2000-2024.xlsx,BrokerHoldProportion,BrokerHoldProportion,券商持股比例,,
CSMAR常用变量-2000-2024.xlsx,BankHoldProportion,BankHoldProportion,银行持股比例,,
CSMAR常用变量-2000-2024.xlsx,NonFinanceHoldProportion,NonFinanceHoldProportion,非金融类上市公司持股比例,,
CSMAR常用变量-2000-2024.xlsx,InsInvestorProp,InsInvestorProp,机构投资者持股比例,,
CSMAR常用变量-2000-2024.xlsx,StaffNumber,StaffNumber,员工人数,数值,
CSMAR常用变量-2000-2024.xlsx,ConcurrentPosition,ConcurrentPosition,两职合一,枚举,
CSMAR常用变量-2000-2024.xlsx,Boardsize2,Boardsize2,董事会规模A,数值,
CSMAR常用变量-2000-2024.xlsx,ExecutivesNumber,ExecutivesNumber,高管人数,数值,
CSMAR常用变量-2000-2024.xlsx,IndDirector,IndDirector,独立董事人数,数值,
CSMAR常用变量-2000-2024.xlsx,SumSalary,SumSalary,管理层薪酬,元,
CSMAR常用变量-2000-2024.xlsx,TOP3SumSalary,TOP3SumSalary,高管前三名薪酬总额,元,
CSMAR常用变量-2000-2024.xlsx,Ynshrtrd,Ynshrtrd,年个股交易股数,数值,
CSMAR常用变量-2000-2024.xlsx,DirectorHoldshares,DirectorHoldshares,董事会持股数量,数值,
CSMAR常用变量-2000-2024.xlsx,ManageHoldshares,ManageHoldshares,高级管理人员持股数量,数值,
上市公司基本信息变更表2000-2024.xlsx,Symbol,Symbol,股票代码,代码,
上市公司基本信息变更表2000-2024.xlsx,AnnouncementDate,AnnouncementDate,公告日期,日期,
上市公司基本信息变更表2000-2024.xlsx,ImplementDate,ImplementDate,实施日期,日期,
上市公司基本信息变更表2000-2024.xlsx,ChangedItem,ChangedItem,变更属性,文本,
上市公司基本信息变更表2000-2024.xlsx,SecurityID,SecurityID,证券ID,代码,
上市公司基本信息变更表2000-2024.xlsx,ListedCoID,ListedCoID,上市公司ID,代码,
上市公司基本信息变更表2000-2024.xlsx,Value_Before,Value_Before,变更前值,文本,
上市公司基本信息变更表2000-2024.xlsx,Value_After,Value_After,变更后值,文本,
上市公司基本信息年度表.xlsx,Symbol,Symbol,股票代码,代码,
上市公司基本信息年度表.xlsx,ShortName,ShortName,股票简称,文本,
上市公司基本信息年度表.xlsx,EndDate,EndDate,统计截止日期,日期,
上市公司基本信息年度表.xlsx,ListedCoID,ListedCoID,上市公司ID,代码,
上市公司基本信息年度表.xlsx,SecurityID,SecurityID,证券ID,代码,
上市公司基本信息年度表.xlsx,IndustryName,IndustryName,行业名称,文本,
上市公司基本信息年度表.xlsx,IndustryCode,IndustryCode,行业代码,代码,
上市公司基本信息年度表.xlsx,IndustryNameC,IndustryNameC,行业名称C,文本,
上市公司基本信息年度表.xlsx,IndustryCodeC,IndustryCodeC,行业代码C,代码,
上市公司基本信息年度表.xlsx,IndustryNameD,IndustryNameD,行业名称D,文本,
上市公司基本信息年度表.xlsx,IndustryCodeD,IndustryCodeD,行业代码D,代码,
上市公司基本信息年度表.xlsx,RegisterAddress,RegisterAddress,注册具体地址,文本,
上市公司基本信息年度表.xlsx,OfficeAddress,OfficeAddress,公司办公地址,文本,
上市公司基本信息年度表.xlsx,Zipcode,Zipcode,办公地址邮政编码,代码,
上市公司基本信息年度表.xlsx,Secretary,Secretary,董事会秘书,文本,
上市公司基本信息年度表.xlsx,SecretaryTel,SecretaryTel,董秘联系电话,,
上市公司基本信息年度表.xlsx,SecretaryEmail,SecretaryEmail,董秘电子邮箱,,
上市公司基本信息年度表.xlsx,SecurityConsultant,SecurityConsultant,证券事务代表,文本,
上市公司基本信息年度表.xlsx,SocialCreditCode,SocialCreditCode,统一社会信用代码,代码,
上市公司基本信息年度表.xlsx,Sigchange,Sigchange,重大变更,枚举,
上市公司基本信息年度表.xlsx,Lng,Lng,办公地经度,度,
上市公司基本信息年度表.xlsx,Lat,Lat,办公地纬度,度,
上市公司基本信息年度表.xlsx,ISIN,ISIN,ISIN编码,代码,
上市公司基本信息年度表.xlsx,FullName,FullName,中文全称,文本,
上市公司基本信息年度表.xlsx,LegalRepresentative,LegalRepresentative,法人代表,文本,
上市公司基本信息年度表.xlsx,EstablishDate,EstablishDate,公司成立日期,日期,
上市公司基本信息年度表.xlsx,Crcd,Crcd,ABH股交叉码,代码,
上市公司基本信息年度表.xlsx,RegisterCapital,RegisterCapital,注册资本,元,
上市公司基本信息年度表.xlsx,Website,Website,公司网址,文本,
上市公司基本信息年度表.xlsx,BusinessScope,BusinessScope,经营范围,文本,
上市公司基本信息年度表.xlsx,RegisterLongitude,RegisterLongitude,注册地经度,度,
上市公司基本信息年度表.xlsx,RegisterLatitude,RegisterLatitude,注册地纬度,度,
上市公司基本信息年度表.xlsx,EMAIL,EMAIL,电子邮箱,文本,
上市公司基本信息年度表.xlsx,LISTINGDATE,LISTINGDATE,首次上市日期,日期,
上市公司基本信息年度表.xlsx,PROVINCECODE,PROVINCECODE,所属省份代码,代码,
上市公司基本信息年度表.xlsx,PROVINCE,PROVINCE,所属省份,文本,
上市公司基本信息年度表.xlsx,CITYCODE,CITYCODE,所属城市代码,代码,
上市公司基本信息年度表.xlsx,CITY,CITY,所属城市,文本,
上市公司基本信息年度表.xlsx,MAINBUSSINESS,MAINBUSSINESS,主营业务,,
上市公司基本信息年度表.xlsx,LISTINGSTATE,LISTINGSTATE,上市状态,枚举,
利润表-现金流量表-2000-2010.xlsx,code,code,证券代码,代码,
利润表-现金流量表-2000-2010.xlsx,stknme,stknme,证券简称,文本,
利润表-现金流量表-2000-2010.xlsx,listingDate,listingDate,上市日期,日期,
利润表-现金流量表-2000-2010.xlsx,EndDate,EndDate,时间,日期,
利润表-现金流量表-2000-2010.xlsx,FS_Comins-B001101000,FS_Comins-B001101000,营业收入,元,
利润表-现金流量表-2000-2010.xlsx,FS_Comins-Bbd1102203,FS_Comins-Bbd1102203,利息支出,元,
利润表-现金流量表-2000-2010.xlsx,FS_Comins-B001201000,FS_Comins-B001201000,营业成本,元,
利润表-现金流量表-2000-2010.xlsx,FS_Comins-B001207000,FS_Comins-B001207000,税金及附加,元,
利润表-现金流量表-2000-2010.xlsx,FS_Comins-B001209000,FS_Comins-B001209000,销售费用,元,
利润表-现金流量表-2000-2010.xlsx,FS_Comins-B001210000,FS_Comins-B001210000,管理费用,元,
利润表-现金流量表-2000-2010.xlsx,FS_Comins-B001211000,FS_Comins-B001211000,财务费用,元,
利润表-现金流量表-2000-2010.xlsx,FS_Comins-B001300000,FS_Comins-B001300000,营业利润,元,
利润表-现金流量表-2000-2010.xlsx,FS_Comins-B001000000,FS_Comins-B001000000,利润总额,元,
利润表-现金流量表-2000-2010.xlsx,FS_Comins-B002000000,net_income,净利润,元,
利润表-现金流量表-2000-2010.xlsx,FS_Comins-B003000000,FS_Comins-B003000000,基本每股收益,元,
利润表-现金流量表-2000-2010.xlsx,FS_Comins-B001216000,FS_Comins-B001216000,研发费用,元,
利润表-现金流量表-2000-2010.xlsx,FS_Comscfd-C001001000,FS_Comscfd-C001001000,销售商品、提供劳务收到的现金,元,
利润表-现金流量表-2000-2010.xlsx,FS_Comscfd-C0d1008000,FS_Comscfd-C0d1008000,处置交易性金融资产净增加额,元,
利润表-现金流量表-2000-2010.xlsx,FS_Comscfd-C0f1009000,FS_Comscfd-C0f1009000,收取利息、手续费及佣金的现金,元,
利润表-现金流量表-2000-2010.xlsx,FS_Comscfd-C001012000,FS_Comscfd-C001012000,收到的税费返还,元,
利润表-现金流量表-2000-2010.xlsx,FS_Comscfd-C001014000,FS_Comscfd-C001014000,购买商品、接受劳务支付的现金,元,
利润表-现金流量表-2000-2010.xlsx,FS_Comscfd-C0f1018000,FS_Comscfd-C0f1018000,支付利息、手续费及佣金的现金,元,
利润表-现金流量表-2000-2010.xlsx,FS_Comscfd-C001020000,FS_Comscfd-C001020000,支付给职工以及为职工支付的现金,元,
利润表-现金流量表-2000-2010.xlsx,FS_Comscfd-C001021000,FS_Comscfd-C001021000,支付的各项税费,元,
利润表-现金流量表-2000-2010.xlsx,FS_Comscfd-C001000000,FS_Comscfd-C001000000,经营活动产生的现金流量净额,元,
利润表-现金流量表-2000-2010.xlsx,FS_Comscfd-C002003000,FS_Comscfd-C002003000,处置固定资产、无形资产和其他长期资产收回的现金净额,元,
利润表-现金流量表-2000-2010.xlsx,FS_Comscfd-C002006000,FS_Comscfd-C002006000,购建固定资产、无形资产和其他长期资产支付的现金,元,
利润表-现金流量表-2000-2010.xlsx,FS_Comscfd-C002007000,FS_Comscfd-C002007000,投资支付的现金,元,
利润表-现金流量表-2000-2010.xlsx,FS_Comscfd-C002000000,FS_Comscfd-C002000000,投资活动产生的现金流量净额,元,
利润表-现金流量表-2000-2010.xlsx,FS_Comscfd-C003003000,FS_Comscfd-C003003000,发行债券收到的现金,元,
利润表-现金流量表-2000-2010.xlsx,FS_Comscfd-C003002000,FS_Comscfd-C003002000,取得借款收到的现金,元,
利润表-现金流量表-2000-2010.xlsx,FS_Comscfd-C003005000,FS_Comscfd-C003005000,偿还债务支付的现金,元,
利润表-现金流量表-2000-2010.xlsx,FS_Comscfd-C003006000,FS_Comscfd-C003006000,分配股利、利润或偿付利息支付的现金,元,
利润表-现金流量表-2000-2010.xlsx,FS_Comscfd-C003000000,FS_Comscfd-C003000000,筹资活动产生的现金流量净额,元,
利润表-现金流量表-2000-2010.xlsx,FS_Comscfd-C006000000,FS_Comscfd-C006000000,期末现金及现金等价物余额,元,
利润表-现金流量表-2000-2010.xlsx,FS_Comscfd-C001100000,FS_Comscfd-C001100000,经营活动现金流入小计,元,
利润表-现金流量表-2011-2024.xlsx,code,code,证券代码,代码,
利润表-现金流量表-2011-2024.xlsx,stknme,stknme,证券简称,文本,
利润表-现金流量表-2011-2024.xlsx,listingDate,listingDate,上市日期,日期,
利润表-现金流量表-2011-2024.xlsx,EndDate,EndDate,时间,日期,
利润表-现金流量表-2011-2024.xlsx,FS_Comins-B001101000,FS_Comins-B001101000,营业收入,元,
利润表-现金流量表-2011-2024.xlsx,FS_Comins-Bbd1102203,FS_Comins-Bbd1102203,利息支出,元,
利润表-现金流量表-2011-2024.xlsx,FS_Comins-B001201000,FS_Comins-B001201000,营业成本,元,
利润表-现金流量表-2011-2024.xlsx,FS_Comins-B001207000,FS_Comins-B001207000,税金及附加,元,
利润表-现金流量表-2011-2024.xlsx,FS_Comins-B001209000,FS_Comins-B001209000,销售费用,元,
利润表-现金流量表-2011-2024.xlsx,FS_Comins-B001210000,FS_Comins-B001210000,管理费用,元,
利润表-现金流量表-2011-2024.xlsx,FS_Comins-B001211000,FS_Comins-B001211000,财务费用,元,
利润表-现金流量表-2011-2024.xlsx,FS_Comins-B001300000,FS_Comins-B001300000,营业利润,元,
利润表-现金流量表-2011-2024.xlsx,FS_Comins-B001000000,FS_Comins-B001000000,利润总额,元,
利润表-现金流量表-2011-2024.xlsx,FS_Comins-B002000000,net_income,净利润,元,
利润表-现金流量表-2011-2024.xlsx,FS_Comins-B003000000,FS_Comins-B003000000,基本每股收益,元,
利润表-现金流量表-2011-2024.xlsx,FS_Comins-B001216000,FS_Comins-B001216000,研发费用,元,
利润表-现金流量表-2011-2024.xlsx,FS_Comscfd-C001001000,FS_Comscfd-C001001000,销售商品、提供劳务收到的现金,元,
利润表-现金流量表-2011-2024.xlsx,FS_Comscfd-C0d1008000,FS_Comscfd-C0d1008000,处置交易性金融资产净增加额,元,
利润表-现金流量表-2011-2024.xlsx,FS_Comscfd-C0f1009000,FS_Comscfd-C0f1009000,收取利息、手续费及佣金的现金,元,
利润表-现金流量表-2011-2024.xlsx,FS_Comscfd-C001012000,FS_Comscfd-C001012000,收到的税费返还,元,
利润表-现金流量表-2011-2024.xlsx,FS_Comscfd-C001014000,FS_Comscfd-C001014000,购买商品、接受劳务支付的现金,元,
利润表-现金流量表-2011-2024.xlsx,FS_Comscfd-C0f1018000,FS_Comscfd-C0f1018000,支付利息、手续费及佣金的现金,元,
利润表-现金流量表-2011-2024.xlsx,FS_Comscfd-C001020000,FS_Comscfd-C001020000,支付给职工以及为职工支付的现金,元,
利润表-现金流量表-2011-2024.xlsx,FS_Comscfd-C001021000,FS_Comscfd-C001021000,支付的各项税费,元,
利润表-现金流量表-2011-2024.xlsx,FS_Comscfd-C001000000,FS_Comscfd-C001000000,经营活动产生的现金流量净额,元,
利润表-现金流量表-2011-2024.xlsx,FS_Comscfd-C002003000,FS_Comscfd-C002003000,处置固定资产、无形资产和其他长期资产收回的现金净额,元,
利润表-现金流量表-2011-2024.xlsx,FS_Comscfd-C002006000,FS_Comscfd-C002006000,购建固定资产、无形资产和其他长期资产支付的现金,元,
利润表-现金流量表-2011-2024.xlsx,FS_Comscfd-C002007000,FS_Comscfd-C002007000,投资支付的现金,元,
利润表-现金流量表-2011-2024.xlsx,FS_Comscfd-C002000000,FS_Comscfd-C002000000,投资活动产生的现金流量净额,元,
利润表-现金流量表-2011-2024.xlsx,FS_Comscfd-C003003000,FS_Comscfd-C003003000,发行债券收到的现金,元,
利润表-现金流量表-2011-2024.xlsx,FS_Comscfd-C003002000,FS_Comscfd-C003002000,取得借款收到的现金,元,
利润表-现金流量表-2011-2024.xlsx,FS_Comscfd-C003005000,FS_Comscfd-C003005000,偿还债务支付的现金,元,
利润表-现金流量表-2011-2024.xlsx,FS_Comscfd-C003006000,FS_Comscfd-C003006000,分配股利、利润或偿付利息支付的现金,元,
利润表-现金流量表-2011-2024.xlsx,FS_Comscfd-C003000000,FS_Comscfd-C003000000,筹资活动产生的现金流量净额,元,
利润表-现金流量表-2011-2024.xlsx,FS_Comscfd-C006000000,FS_Comscfd-C006000000,期末现金及现金等价物余额,元,
利润表-现金流量表-2011-2024.xlsx,FS_Comscfd-C001100000,FS_Comscfd-C001100000,经营活动现金流入小计,元,
资产负债表-2000-2010.xlsx,code,code,证券代码,代码,
资产负债表-2000-2010.xlsx,stknme,stknme,证券简称,文本,
资产负债表-2000-2010.xlsx,listingDate,listingDate,上市日期,日期,
资产负债表-2000-2010.xlsx,EndDate,EndDate,时间,日期,
资产负债表-2000-2010.xlsx,FS_Combas-A001101000,cash,货币资金,元,
资产负债表-2000-2010.xlsx,FS_Combas-A001107000,FS_Combas-A001107000,交易性金融资产,元,
资产负债表-2000-2010.xlsx,FS_Combas-A001109000,FS_Combas-A001109000,短期投资净额,元,
资产负债表-2000-2010.xlsx,FS_Combas-A001123000,FS_Combas-A001123000,存货净额,元,
资产负债表-2000-2010.xlsx,FS_Combas-A001100000,FS_Combas-A001100000,流动资产合计,元,
资产负债表-2000-2010.xlsx,FS_Combas-A001212000,FS_Combas-A001212000,固定资产净额,元,
资产负债表-2000-2010.xlsx,FS_Combas-A001204000,FS_Combas-A001204000,长期应收款净额,元,
资产负债表-2000-2010.xlsx,FS_Combas-A001207000,FS_Combas-A001207000,长期投资净额,元,
资产负债表-2000-2010.xlsx,FS_Combas-A001218000,FS_Combas-A001218000,无形资产净额,元,
资产负债表-2000-2010.xlsx,FS_Combas-A001219000,FS_Combas-A001219000,开发支出,元,
资产负债表-2000-2010.xlsx,FS_Combas-A001200000,FS_Combas-A001200000,非流动资产合计,元,
资产负债表-2000-2010.xlsx,FS_Combas-A001000000,total_assets,资产总计,元,
资产负债表-2000-2010.xlsx,FS_Combas-A002101000,short_loan,短期借款,元,
资产负债表-2000-2010.xlsx,FS_Combas-A002107000,FS_Combas-A002107000,应付票据,元,
资产负债表-2000-2010.xlsx,FS_Combas-A002108000,FS_Combas-A002108000,应付账款,元,
资产负债表-2000-2010.xlsx,FS_Combas-A002114000,FS_Combas-A002114000,应付利息,元,
资产负债表-2000-2010.xlsx,FS_Combas-A002125000,FS_Combas-A002125000,一年内到期的非流动负债,元,
资产负债表-2000-2010.xlsx,FS_Combas-A002100000,current_liab,流动负债合计,元,
资产负债表-2000-2010.xlsx,FS_Combas-A002201000,long_loan,长期借款,元,
资产负债表-2000-2010.xlsx,FS_Combas-A002206000,FS_Combas-A002206000,长期负债合计,元,
资产负债表-2000-2010.xlsx,FS_Combas-A002200000,noncurrent_liab,非流动负债合计,元,
资产负债表-2000-2010.xlsx,FS_Combas-A002000000,total_liab,负债合计,元,
资产负债表-2000-2010.xlsx,FS_Combas-A003101000,FS_Combas-A003101000,实收资本(或股本),元,
资产负债表-2000-2010.xlsx,FS_Combas-A003102000,FS_Combas-A003102000,资本公积,元,
资产负债表-2000-2010.xlsx,FS_Combas-A003103000,FS_Combas-A003103000,盈余公积,元,
资产负债表-2000-2010.xlsx,FS_Combas-A003105000,FS_Combas-A003105000,未分配利润,元,
资产负债表-2000-2010.xlsx,FS_Combas-A003000000,equity,所有者权益合计,元,
资产负债表-2000-2010.xlsx,FS_Combas-A004000000,FS_Combas-A004000000,负债与所有者权益总计,元,
资产负债表-2011-2024.xlsx,code,code,证券代码,代码,
资产负债表-2011-2024.xlsx,stknme,stknme,证券简称,文本,
资产负债表-2011-2024.xlsx,listingDate,listingDate,上市日期,日期,
资产负债表-2011-2024.xlsx,EndDate,EndDate,时间,日期,
资产负债表-2011-2024.xlsx,FS_Combas-A001101000,cash,货币资金,元,
资产负债表-2011-2024.xlsx,FS_Combas-A001107000,FS_Combas-A001107000,交易性金融资产,元,
资产负债表-2011-2024.xlsx,FS_Combas-A001109000,FS_Combas-A001109000,短期投资净额,元,
资产负债表-2011-2024.xlsx,FS_Combas-A001123000,FS_Combas-A001123000,存货净额,元,
资产负债表-2011-2024.xlsx,FS_Combas-A001100000,FS_Combas-A001100000,流动资产合计,元,
资产负债表-2011-2024.xlsx,FS_Combas-A001212000,FS_Combas-A001212000,固定资产净额,元,
资产负债表-2011-2024.xlsx,FS_Combas-A001204000,FS_Combas-A001204000,长期应收款净额,元,
资产负债表-2011-2024.xlsx,FS_Combas-A001207000,FS_Combas-A001207000,长期投资净额,元,
资产负债表-2011-2024.xlsx,FS_Combas-A001218000,FS_Combas-A001218000,无形资产净额,元,
资产负债表-2011-2024.xlsx,FS_Combas-A001219000,FS_Combas-A001219000,开发支出,元,
资产负债表-2011-2024.xlsx,FS_Combas-A001200000,FS_Combas-A001200000,非流动资产合计,元,
资产负债表-2011-2024.xlsx,FS_Combas-A001000000,total_assets,资产总计,元,
资产负债表-2011-2024.xlsx,FS_Combas-A002101000,short_loan,短期借款,元,
资产负债表-2011-2024.xlsx,FS_Combas-A002107000,FS_Combas-A002107000,应付票据,元,
资产负债表-2011-2024.xlsx,FS_Combas-A002108000,FS_Combas-A002108000,应付账款,元,
资产负债表-2011-2024.xlsx,FS_Combas-A002114000,FS_Combas-A002114000,应付利息,元,
资产负债表-2011-2024.xlsx,FS_Combas-A002125000,FS_Combas-A002125000,一年内到期的非流动负债,元,
资产负债表-2011-2024.xlsx,FS_Combas-A002100000,current_liab,流动负债合计,元,
资产负债表-2011-2024.xlsx,FS_Combas-A002201000,long_loan,长期借款,元,
资产负债表-2011-2024.xlsx,FS_Combas-A002206000,FS_Combas-A002206000,长期负债合计,元,
资产负债表-2011-2024.xlsx,FS_Combas-A002200000,noncurrent_liab,非流动负债合计,元,
资产负债表-2011-2024.xlsx,FS_Combas-A002000000,total_liab,负债合计,元,
资产负债表-2011-2024.xlsx,FS_Combas-A003101000,FS_Combas-A003101000,实收资本(或股本),元,
资产负债表-2011-2024.xlsx,FS_Combas-A003102000,FS_Combas-A003102000,资本公积,元,
资产负债表-2011-2024.xlsx,FS_Combas-A003103000,FS_Combas-A003103000,盈余公积,元,
资产负债表-2011-2024.xlsx,FS_Combas-A003105000,FS_Combas-A003105000,未分配利润,元,
资产负债表-2011-2024.xlsx,FS_Combas-A003000000,equity,所有者权益合计,元,
资产负债表-2011-2024.xlsx,FS_Combas-A004000000,FS_Combas-A004000000,负债与所有者权益总计,元,
02_clean_construct_variables.ipynb (constructed),Lev,Lev,资产负债率,比率,公式: 总负债 / 总资产; 从2000年起可用
02_clean_construct_variables.ipynb (constructed),SL,SL,短期负债比率,比率,公式: 流动负债 / 总资产; 从2000年起可用
02_clean_construct_variables.ipynb (constructed),LL,LL,长期负债比率,比率,公式: 非流动负债 / 总资产; 从2000年起可用
02_clean_construct_variables.ipynb (constructed),SDR,SDR,短期负债占比,比率,公式: 流动负债 / 总负债; 从2000年起可用
02_clean_construct_variables.ipynb (constructed),Cash,Cash,现金持有率,比率,公式: 货币资金 / 总资产; 从2000年起可用
02_clean_construct_variables.ipynb (constructed),ROA,ROA,总资产收益率,比率,公式: 净利润 / 总资产; 从2000年起可用
02_clean_construct_variables.ipynb (constructed),ROE,ROE,净资产收益率,比率,公式: 净利润 / 所有者权益; 从2000年起可用
02_clean_construct_variables.ipynb (constructed),FS_Combas-A002101000,short_loan,短期借款比率,比率,短期借款 / 总资产; 从2000年起可用
02_clean_construct_variables.ipynb (constructed),FS_Combas-A002201000,long_loan,长期借款比率,比率,长期借款 / 总资产; 从2000年起可用
02_clean_construct_variables.ipynb (constructed),Size,Size,公司规模,对数元,公式: ln(总资产); 从2000年起可用
02_clean_construct_variables.ipynb (constructed),Shrcr1,Top1,第一大股东持股比例,比率,Shrcr1 / 100; 从百分比转换为小数; 从2003年起可用
02_clean_construct_variables.ipynb (constructed),Shrhfd5,HHI5,前五大股东持股赫芬达尔指数,比率,Shrhfd5 (直接使用); 从2003年起可用
02_clean_construct_variables.ipynb (constructed),Age,Age,上市年龄,年,公式: 年份 - 上市年份 + 1; 从2000年起可用
02_clean_construct_variables.ipynb (constructed),Lev,Lev,Lev,ratio,Lev = total_liab / total_assets; available from 2000
02_clean_construct_variables.ipynb (constructed),SL,SL,SL,ratio,SL = current_liab / total_assets; available from 2000
02_clean_construct_variables.ipynb (constructed),LL,LL,LL,ratio,LL = noncurrent_liab / total_assets; available from 2000
02_clean_construct_variables.ipynb (constructed),SDR,SDR,SDR,ratio,SDR = current_liab / total_liab; available from 2000
02_clean_construct_variables.ipynb (constructed),Cash,Cash,Cash,ratio,Cash = cash_M0 / total_assets; available from 2000
02_clean_construct_variables.ipynb (constructed),ROA,ROA,ROA,ratio,ROA = net_income / total_assets; available from 2000
02_clean_construct_variables.ipynb (constructed),ROE,ROE,ROE,ratio,ROE = net_income / equity; available from 2000
02_clean_construct_variables.ipynb (constructed),SLoan,SLoan,SLoan,ratio,SLoan = short_loan / total_assets; available from 2000
02_clean_construct_variables.ipynb (constructed),LLoan,LLoan,LLoan,ratio,LLoan = long_loan / total_assets; available from 2000
02_clean_construct_variables.ipynb (constructed),Top1,Top1,Top1,ratio,Top1 = Shrcr1 (direct); available from 2003
02_clean_construct_variables.ipynb (constructed),HHI5,HHI5,HHI5,ratio,HHI5 = Shrhfd5 (direct); available from 2003
02_clean_construct_variables.ipynb (constructed),Size,Size,Size,ln(yuan),Size = ln(total_assets); available from 2000
02_clean_construct_variables.ipynb (constructed),Age,Age,Age,years,Age = year - listing_year + 1; available from 2000
02_clean_construct_variables.ipynb (constructed),Lev,Lev,Lev,ratio,Lev = total_liab / total_assets; available from 2000
02_clean_construct_variables.ipynb (constructed),SL,SL,SL,ratio,SL = current_liab / total_assets; available from 2000
02_clean_construct_variables.ipynb (constructed),LL,LL,LL,ratio,LL = noncurrent_liab / total_assets; available from 2000
02_clean_construct_variables.ipynb (constructed),SDR,SDR,SDR,ratio,SDR = current_liab / total_liab; available from 2000
02_clean_construct_variables.ipynb (constructed),Cash,Cash,Cash,ratio,Cash = cash_M0 / total_assets; available from 2000
02_clean_construct_variables.ipynb (constructed),ROA,ROA,ROA,ratio,ROA = net_income / total_assets; available from 2000
02_clean_construct_variables.ipynb (constructed),ROE,ROE,ROE,ratio,ROE = net_income / equity; available from 2000
02_clean_construct_variables.ipynb (constructed),SLoan,SLoan,SLoan,ratio,SLoan = short_loan / total_assets; available from 2000
02_clean_construct_variables.ipynb (constructed),LLoan,LLoan,LLoan,ratio,LLoan = long_loan / total_assets; available from 2000
02_clean_construct_variables.ipynb (constructed),Top1,Top1,Top1,ratio,Top1 = Shrcr1 (direct); available from 2003
02_clean_construct_variables.ipynb (constructed),HHI5,HHI5,HHI5,ratio,HHI5 = Shrhfd5 (direct); available from 2003
02_clean_construct_variables.ipynb (constructed),Size,Size,Size,ln(yuan),Size = ln(total_assets); available from 2000
02_clean_construct_variables.ipynb (constructed),Age,Age,Age,years,Age = year - listing_year + 1; available from 2000
